DSL,API,Attempts
"class [public] should beExtendedBy class [(packagename ""packageIdentifier"")];","classes().that().arePublic().should().onlyBeExtendedByClassesThat().resideInAPackage(""packageIdentifier"")",0
"class [static] should access class [(packagename ""packageIdentifier"")];","classes().that().haveModifier(JavaModifier.STATIC).should().accessClassesThat().resideInAPackage(""packageIdentifier"")",0
"interface [public] should implement class [match ""myclass""];","interfaces().that().arePublic().should().ImplementClassesThat().haveNameMatching("".*myclass.*"")",0
"class [public (packagename ""packageIdentifier"")] should dependOn class [match ""myclass""];","classes().that().arePublic().and().resideInAPackage(""packageIdentifier"").should().dependOnClassesThat().haveSimpleNameMatching("".*myclass.*"")",0
"class [implement ""typeName""] should beExtendedBy class[match ""className""];","classes().that().implement(""typeName"").should().onlyBeExtendedByClassesThat().haveSimpleNameMatching("".*className.*"")",0
"class [implement ""typeName""] should not implement class[match ""className""];","classes().that().implement(""typeName"").should().notImplementClassesThat().haveSimpleNameMatching("".*className.*"")",0
"class [public implement ""typeName""] should not beAnnotatedWith ""annotationTypeName"";","classes().that().arePublic().and().implement(""typeName"").should().notBeAnnotatedWith(""annotationTypeName"")",0
"class [implement ""typeName""] should access class [(packagename ""packageIdentifier1"")];","classes().that().implement(""typeName"").should().accessClassesThat().resideInAPackage(""packageIdentifier1"")",0
"class [inner (packagename ""packageIdentifier"")] should not implement class [match ""className""];","classes().that().areInnerClasses().and().resideInAPackage(""packageIdentifier"").should().notImplementClassesThat().haveSimpleNameMatching("".*className.*"")",0
"class [public] should dependOn class [(packagename ""packageIdentifier"")];","classes().that().arePublic().should().dependOnClassesThat().resideInAPackage(""packageIdentifier"")",0
class [public] should not beExtendedBy class[private];,classes().that().arePublic().should().notBeExtendedByClassesThat().arePrivate(),0
class [public] should not access class [private];,noClasses().that().arePublic().should().accessClassesThat().arePrivate(),0
class [final] should not implement class [final];,classes().that().haveModifier(JavaModifier.FINAL).should().notImplementClassesThat()..haveModifier(JavaModifier.FINAL),0
class [local] should not dependOn class [local];,noClasses().that().areLocalClasses().should().dependOnClassesThat().areLocalClasses(),0
class [interface] should not implement class [static];,classes().that().areInterfaces().should().notImplementClassesThat().haveModifier(JavaModifier.STATIC),0
class [topLevel] should not implement class [private];,classes().that().areTopLevelClasses().should().notImplementClassesThat().arePrivate(),0
"class [protected] should implement class [private (packagename ""packageIdentifier1"")];","classes().that().areProtected().should().ImplementClassesThat().arePrivate().andShould().ImplementClassesThat().resideInAPackage(""packageIdentifier1"")",0
"class [public] should access class [static (match ""className"")];","classes().that().arePublic().should().accessClassesThat().haveModifier(JavaModifier.STATIC).andShould().accessClassesThat().haveSimpleNameMatching("".*className.*"")",1
class [protected] should not implement class [private];,classes().that().areProtected().should().notImplementClassesThat().arePrivate(),0
class [packagePrivate] should not access method [private];,noClasses().that().arePackagePrivate().should().accessMethodsThat().arePrivate(),0
"class [public] should haveNameMatching""classname"";","classes().that().arePublic().should().haveSimpleNameMatching("".*classname.*"")",0
"class [public] should not beAssignableTo ""typeName"";","noClasses().that().arePublic().should().beAssignableTo(""typeName"")",0
"class [public] should not haveParameterTypes ""typeName"";",classes().that().arePublic().should().notHaveRawParameterTypes(typeName.class),0
"class [public] should not haveFullNameMatching""regex"";","classes().that().arePublic().should().haveFullNameNotMatching("".*regex.*"")",0
"class [public] should haveRawReturnType ""typeName"";","classes().that().arePublic().should().haveRawReturnType(""typeName"")",0
"class [public] should haveNameMatching""regex"";","classes().that().arePublic().should().haveSimpleNameMatching("".*regex.*"")",0
"class [public] should not haveNameEndingWith""regex"";","classes().that().arePublic().should().haveSimpleNameNotEndingWith(""regex"")",0
"class [private] should haveNameStartingWith""regex"";","classes().that().arePrivate().should().haveSimpleNameStartingWith(""regex"")",0
"class [protected] should declareThrowableOfType ""typeName"";","classes().that().areProtected().should().declareThrowableOfType(""typeName"")",0
"class [packagePrivate] should not beAnnotatedWith ""annotationTypeName"";","classes().that().arePackagePrivate().should().notBeAnnotatedWith(""annotationTypeName"")",0
class [static] should BePublic;,classes().that().haveModifier(JavaModifier.STATIC).should().bePublic(),0
class [anonymous] should BePublic;,classes().that().areAnonymousClasses().should().bePublic(),0
class [public] should BeProtected;,classes().that().arePublic().should().beProtected(),0
class [public] should BeAbstract;,classes().that().arePublic().should().beAbstract(),0
class [anonymous] should BeEnums;,classes().that().areAnonymousClasses().should().beEnums(),0
"method [public] should not declaredIn class (packagename ""packageIdentifier1"");","noMethods().that().arePublic().should().beDeclaredInClassesThat().resideInAPackage(""packageIdentifier1"")",0
"method [private] should declaredIn class (implement ""typeName1"");","methods().that().arePrivate().should().beDeclaredInClassesThat().implement(""typeName1"")",0
"method [protected] should declaredIn class (packagename ""packageIdentifier1"");","methods().that().areProtected().should().beDeclaredInClassesThat().resideInAPackage(""packageIdentifier1"")",0
"method [final] should not declaredIn class [(packagename ""packageIdentifier1"")] ;","noMethods().that().haveModifier(JavaModifier.FINAL).should().beDeclaredInClassesThat().resideInAPackage(""packageIdentifier1"")",0
"method [packagePrivate (packagename ""packageIdentifier1"")] should declaredIn class [(packagename ""packageIdentifier1"")];","methods().that().arePackagePrivate().and().areDeclaredInClassesThat().resideInAPackage(""packageIdentifier1"").should().beDeclaredInClassesThat().resideInAPackage(""packageIdentifier1"")",1
"method[public (haveNameMatching ""get"")] should declaredIn class [(packagename ""packageIdentifier1"")];","methods().that().arePublic().and().haveNameMatching("".*get.*"").should().beDeclaredInClassesThat().resideInAPackage(""packageIdentifier1"")",0
"method [private final] should not declaredIn class [(packagename ""packageIdentifier1"")];","noMethods().that().arePrivate().and().haveModifier(JavaModifier.FINAL).should().beDeclaredInClassesThat().resideInAPackage(""packageIdentifier1"")",0
"method[public static (packagename ""packageIdentifier2"")] should not declaredIn class (packagename ""packageIdentifier1"");","noMethods().that().arePublic().and().haveModifier(JavaModifier.STATIC).and().areDeclaredInClassesThat().resideInAPackage(""packageIdentifier2"").should().beDeclaredInClassesThat().resideInAPackage(""packageIdentifier1"")",0
"method [public static (haveNameMatching ""X1"")] should declaredIn class [(packagename ""packageIdentifier1"")];","methods().that().arePublic().and().haveModifier(JavaModifier.STATIC).and().haveNameMatching("".*X1.*"").should().beDeclaredInClassesThat().resideInAPackage(""packageIdentifier1"")",0
method[protected final (haveNameMatching “X1”)] should declaredIn class [(packagename “packageIdentifier1”)];,"methods().that().areProtected().and().haveModifier(JavaModifier.FINAL).and().haveNameMatching("".*X1.*"").should().beDeclaredInClassesThat().resideInAPackage(""packageIdentifier1"")",0
method [public] should declaredIn class [public];,methods().that().arePublic().should().beDeclaredInClassesThat().arePublic(),0
method [private] should declaredIn class [private];,methods().that().arePrivate().should().beDeclaredInClassesThat().arePrivate(),0
method [protected] should declaredIn class [protected];,methods().that().areProtected().should().beDeclaredInClassesThat().areProtected(),0
method[final] should not declaredIn class[final];,noMethods().that().haveModifier(JavaModifier.FINAL).should().beDeclaredInClassesThat()..haveModifier(JavaModifier.FINAL),0
method [packagePrivate] should declaredIn class [packagePrivate];,methods().that().arePackagePrivate().should().beDeclaredInClassesThat().arePackagePrivate(),0
"method[public (haveNameMatching ""get"")] should declaredIn class [final];","methods().that().arePublic().and().haveNameMatching("".*get.*"").should().beDeclaredInClassesThat()..haveModifier(JavaModifier.FINAL)",0
method [private final] should declaredIn class [packagePrivate];,methods().that().arePrivate().and().haveModifier(JavaModifier.FINAL).should().beDeclaredInClassesThat().arePackagePrivate(),0
"method [public static (packagename ""packageIdentifier"")] should not declaredIn class [public static];","noMethods().that().arePublic().and().haveModifier(JavaModifier.STATIC).and().areDeclaredInClassesThat().resideInAPackage(""packageIdentifier"").should().beDeclaredInClassesThat().arePublic().andShould().beDeclaredInClassesThat().haveModifier(JavaModifier.STATIC)",0
"method[public static (haveNameMatching ""regex"")] should declaredIn class [public (packagename ""packageIdentifier1"")];","methods().that().arePublic().and().haveModifier(JavaModifier.STATIC).and().haveNameMatching("".*regex.*"").should().beDeclaredInClassesThat().arePublic().andShould().beDeclaredInClassesThat().resideInAPackage(""packageIdentifier1"")",0
"method [protected final (haveNameMatching ""X1"")] should declaredIn class [static (packagename ""packageIdentifier1"")];","methods().that().areProtected().and().haveModifier(JavaModifier.FINAL).and().haveNameMatching("".*X1.*"").should().beDeclaredInClassesThat().haveModifier(JavaModifier.STATIC).andShould().beDeclaredInClassesThat().resideInAPackage(""packageIdentifier1"")",0
"method [public] should beAnnotatedWith ""specifiedAnnotation"";","methods().that().arePublic().should().beAnnotatedWith(""specifiedAnnotation"")",0
"method [private] should declaredIn class [(packagename ""specifiedClass"")];","methods().that().arePrivate().should().beDeclaredInClassesThat().resideInAPackage(""specifiedClass"")",0
"method [protected] should haveParameterTypes ""typeName"";",methods().that().areProtected().should().haveRawParameterTypes(typeName.class),0
"method[final] should haveFullName ""String"";","methods().that().haveModifier(JavaModifier.FINAL).should().haveFullName(""String"")",0
"method [packagePrivate] should haveNameEndingWith ""String"";","methods().that().arePackagePrivate().should().haveNameEndingWith(""String"")",0
method[public (haveNameMatching “get”)] should haveNameMatching “String”;,"methods().that().arePublic().and().haveNameMatching("".*get.*"").should().haveNameMatching("".*String.*"")",0
"method[private final] should haveRawReturnType ""returnType"";","methods().that().arePrivate().and().haveModifier(JavaModifier.FINAL).should().haveRawReturnType(""returnType"")",0
"method [public static (packagename ""packageIdentifier2"")] should haveParameterTypes ""ParameterType"";","methods().that().arePublic().and().haveModifier(JavaModifier.STATIC).and().areDeclaredInClassesThat().resideInAPackage(""packageIdentifier2"").should().haveRawParameterTypes(ParameterType.class)",0
method[public static (haveNameMatching “String1”)] should haveFullName “String2”;,"methods().that().arePublic().and().haveModifier(JavaModifier.STATIC).and().haveNameMatching("".*String1.*"").should().haveFullName(""String2"")",0
method[protected final (haveNameMatching “String1”)] should haveNameContaining “String2”;,"methods().that().areProtected().and().haveModifier(JavaModifier.FINAL).and().haveNameMatching("".*String1.*"").should().haveNameContaining(""String2"")",0
method [static] should BePublic;,methods().that().haveModifier(JavaModifier.STATIC).should().bePublic(),0
method [final] should BeStatic;,methods().that().haveModifier(JavaModifier.FINAL).should().beStatic(),0
method [private] should BeProtected;,methods().that().arePrivate().should().beProtected(),0
method[public (packagename “X1”)] should BePackagePrivate;,"methods().that().arePublic().and().areDeclaredInClassesThat().resideInAPackage(""X1"").should().bePackagePrivate()",0
"method [(haveNameMatching ""get"")] should BePublic;","methods().that().haveNameMatching("".*get.*"").should().bePublic()",0
"codeUnit [public] should declaredIn class [(packagename ""packageIdentifier"")];","codeUnits().that().arePublic().should().beDeclaredInClassesThat().resideInAPackage(""packageIdentifier"")",0
"codeUnit [private] should declaredIn class (implement ""typeName"");","codeUnits().that().arePrivate().should().beDeclaredInClassesThat().implement(""typeName"")",0
"codeUnit [protected] should declaredIn class [(packagename ""packageIdentifier"")];","codeUnits().that().areProtected().should().beDeclaredInClassesThat().resideInAPackage(""packageIdentifier"")",0
"codeUnit [private] should not declaredIn class [(packagename ""packageIdentifier"")];","noCodeUnits().that().arePrivate().should().beDeclaredInClassesThat().resideInAPackage(""packageIdentifier"")",0
"codeUnit [packagePrivate (packagename ""packageIdentifier"")] should declaredIn class [(packagename ""packageIdentifier"")];","codeUnits().that().arePackagePrivate().and().areDeclaredInClassesThat().resideInAPackage(""packageIdentifier"").should().beDeclaredInClassesThat().resideInAPackage(""packageIdentifier"")",0
"codeUnit [public (haveNameMatching ""Regex"")] should declaredIn class [(packagename ""packageIdentifier"")];","codeUnits().that().arePublic().and().haveNameMatching("".*Regex.*"").should().beDeclaredInClassesThat().resideInAPackage(""packageIdentifier"")",0
"codeUnit [private] should not declaredIn class [(packagename ""packageIdentifier"")];","noCodeUnits().that().arePrivate().should().beDeclaredInClassesThat().resideInAPackage(""packageIdentifier"")",0
"codeUnit [public (packagename ""packageIdentifier1"")] should declaredIn class [(packagename ""packageIdentifier2"")];","codeUnits().that().arePublic().and().areDeclaredInClassesThat().resideInAPackage(""packageIdentifier1"").should().beDeclaredInClassesThat().resideInAPackage(""packageIdentifier2"")",0
"codeUnit [(haveNameMatching ""Regex"")] should declaredIn class (implement ""typeName"");","codeUnits().that().haveNameMatching("".*Regex.*"").should().beDeclaredInClassesThat().implement(""typeName"")",0
"codeUnit [(haveNameMatching ""Regex"")] should declaredIn class [(packagename ""packageIdentifier"")];","codeUnits().that().haveNameMatching("".*Regex.*"").should().beDeclaredInClassesThat().resideInAPackage(""packageIdentifier"")",0
codeUnit [public] should declaredIn class [public];,codeUnits().that().arePublic().should().beDeclaredInClassesThat().arePublic(),0
codeUnit [private] should declaredIn class [static];,codeUnits().that().arePrivate().should().beDeclaredInClassesThat().haveModifier(JavaModifier.STATIC),0
codeUnit [protected] should declaredIn class [protected];,codeUnits().that().areProtected().should().beDeclaredInClassesThat().areProtected(),0
codeUnit [private] should not declaredIn class [packagePrivate];,noCodeUnits().that().arePrivate().should().beDeclaredInClassesThat().arePackagePrivate(),0
codeUnit [packagePrivate] should declaredIn class [final];,codeUnits().that().arePackagePrivate().should().beDeclaredInClassesThat()..haveModifier(JavaModifier.FINAL),0
"codeUnit [public (haveNameMatching ""get"")] should declaredIn class [private];","codeUnits().that().arePublic().and().haveNameMatching("".*get.*"").should().beDeclaredInClassesThat().arePrivate()",0
"codeUnit[private] should not declaredIn class [(packagename ""packageIdentifier1"")];","noCodeUnits().that().arePrivate().should().beDeclaredInClassesThat().resideInAPackage(""packageIdentifier1"")",0
"codeUnit [public (packagename ""packageIdentifier1"")] should declaredIn class [public (packagename ""packageIdentifier2"")];","codeUnits().that().arePublic().and().areDeclaredInClassesThat().resideInAPackage(""packageIdentifier1"").should().beDeclaredInClassesThat().arePublic().andShould().beDeclaredInClassesThat().resideInAPackage(""packageIdentifier2"")",0
"codeUnit [(haveNameMatching ""Regex"")] should declaredIn class [public (implement ""typeName"")];","codeUnits().that().haveNameMatching("".*Regex.*"").should().beDeclaredInClassesThat().arePublic().andShould().beDeclaredInClassesThat().implement(""typeName"")",0
"codeUnit [(haveNameMatching ""Regex"")] should declaredIn class [static (packagename ""packageIdentifier"")];","codeUnits().that().haveNameMatching("".*Regex.*"").should().beDeclaredInClassesThat().haveModifier(JavaModifier.STATIC).andShould().beDeclaredInClassesThat().resideInAPackage(""packageIdentifier"")",0
"codeUnit[private] should beAnnotatedWith ""annotationTypeName"";","codeUnits().that().arePrivate().should().beAnnotatedWith(""annotationTypeName"")",0
"codeUnit[protected] should haveFullNameMatching ""regex"";","codeUnits().that().areProtected().should().haveFullNameMatching("".*regex.*"")",0
Trains Failed,Trains Failed,Trains Failed
codeUnit [packagePrivate (haveNameMatching “regex”)] should BePackagePrivate;,"codeUnits().that().arePackagePrivate().and().haveNameMatching("".*regex.*"").should().bePackagePrivate()",0
"codeUnit [public] should haveNameEndingWith ""regex"";","codeUnits().that().arePublic().should().haveNameEndingWith(""regex"")",0
"codeUnit [private] should not declaredIn class [(packagename ""packageIdentifier"")];","noCodeUnits().that().arePrivate().should().beDeclaredInClassesThat().resideInAPackage(""packageIdentifier"")",0
"codeUnit [public] should haveNameStartingWith ""regex"";","codeUnits().that().arePublic().should().haveNameStartingWith(""regex"")",0
"codeUnit [public] should haveRawReturnType ""typeName"";","codeUnits().that().arePublic().should().haveRawReturnType(""typeName"")",0
Trains Failed,Trains Failed,Trains Failed
"codeUnit [private] should declareThrowableOfType ""typeName"";","codeUnits().that().arePrivate().should().declareThrowableOfType(""typeName"")",0
"codeUnit [static (packagename ""packageIdentifier"")] should BePublic;","codeUnits().that().haveModifier(JavaModifier.STATIC).and().areDeclaredInClassesThat().resideInAPackage(""packageIdentifier"").should().bePublic()",0
"codeUnit[final (packagename ""packageIdentifier"")] should BePrivate;","codeUnits().that().haveModifier(JavaModifier.FINAL).and().areDeclaredInClassesThat().resideInAPackage(""packageIdentifier"").should().bePrivate()",0
"codeUnit [private (packagename ""packageIdentifier"")] should BeProtected;","codeUnits().that().arePrivate().and().areDeclaredInClassesThat().resideInAPackage(""packageIdentifier"").should().beProtected()",0
codeUnit[public (packagename “packageIdentifier”)] should BePackagePrivate;,"codeUnits().that().arePublic().and().areDeclaredInClassesThat().resideInAPackage(""packageIdentifier"").should().bePackagePrivate()",0
"codeUnit [(haveNameMatching ""regex"")] should BePublic;","codeUnits().that().haveNameMatching("".*regex.*"").should().bePublic()",0
"field [public] should declaredIn class (packagename ""packageIdentifier"");","fields().that().arePublic().should().beDeclaredInClassesThat().resideInAPackage(""packageIdentifier"")",0
"field [private] should declaredIn class (implement ""typeName"");","fields().that().arePrivate().should().beDeclaredInClassesThat().implement(""typeName"")",0
"field [protected] should declaredIn class (packagename ""packageIdentifier"");","fields().that().areProtected().should().beDeclaredInClassesThat().resideInAPackage(""packageIdentifier"")",0
"field [private] should not declaredIn class [(packagename ""packageIdentifier"")];","noFields().that().arePrivate().should().beDeclaredInClassesThat().resideInAPackage(""packageIdentifier"")",0
"field [packagePrivate (packagename ""packageIdentifier"")] should declaredIn class [(packagename ""packageIdentifier"")];","fields().that().arePackagePrivate().and().areDeclaredInClassesThat().resideInAPackage(""packageIdentifier"").should().beDeclaredInClassesThat().resideInAPackage(""packageIdentifier"")",2
"field[public (haveNameMatching ""get"")] should declaredIn class[(packagename ""packageIdentifier"")];","fields().that().arePublic().and().haveNameMatching("".*get.*"").should().beDeclaredInClassesThat().resideInAPackage(""packageIdentifier"")",0
"field [private] should not declaredIn class [(packagename ""packageIdentifier"")];","noFields().that().arePrivate().should().beDeclaredInClassesThat().resideInAPackage(""packageIdentifier"")",0
"field [public (packagename ""packageIdentifier1"")] should declaredIn class [(packagename ""packageIdentifier2"")];","fields().that().arePublic().and().areDeclaredInClassesThat().resideInAPackage(""packageIdentifier1"").should().beDeclaredInClassesThat().resideInAPackage(""packageIdentifier2"")",0
field [(haveNameMatching “regex”)] should declaredIn class (implement “typeName1”);,"fields().that().haveNameMatching("".*regex.*"").should().beDeclaredInClassesThat().implement(""typeName1"")",0
"field [(haveNameMatching ""regex"")] should declaredIn class [(packagename ""packageIdentifier"")];","fields().that().haveNameMatching("".*regex.*"").should().beDeclaredInClassesThat().resideInAPackage(""packageIdentifier"")",0
field [public] should declaredIn class [public];,fields().that().arePublic().should().beDeclaredInClassesThat().arePublic(),0
field [private] should declaredIn class [static];,fields().that().arePrivate().should().beDeclaredInClassesThat().haveModifier(JavaModifier.STATIC),0
field [protected] should declaredIn class [protected];,fields().that().areProtected().should().beDeclaredInClassesThat().areProtected(),0
field [private] should not declaredIn class [packagePrivate];,noFields().that().arePrivate().should().beDeclaredInClassesThat().arePackagePrivate(),0
field [packagePrivate] should declaredIn class [final];,fields().that().arePackagePrivate().should().beDeclaredInClassesThat()..haveModifier(JavaModifier.FINAL),0
Trains Failed,Trains Failed,Trains Failed
"field [private] should not declaredIn class [(packagename ""packageIdentifier"")];","noFields().that().arePrivate().should().beDeclaredInClassesThat().resideInAPackage(""packageIdentifier"")",0
"field [public (packagename ""packageIdentifier1"")] should declaredIn class [public (packagename ""packageIdentifier2"")];","fields().that().arePublic().and().areDeclaredInClassesThat().resideInAPackage(""packageIdentifier1"").should().beDeclaredInClassesThat().arePublic().andShould().beDeclaredInClassesThat().resideInAPackage(""packageIdentifier2"")",0
"field [(haveNameMatching ""regex"")] should declaredIn class [public (implement ""typeName"")];","fields().that().haveNameMatching("".*regex.*"").should().beDeclaredInClassesThat().arePublic().andShould().beDeclaredInClassesThat().implement(""typeName"")",0
"field [(haveNameMatching ""regex"")] should declaredIn class [static (packagename ""packageIdentifier"")];","fields().that().haveNameMatching("".*regex.*"").should().beDeclaredInClassesThat().haveModifier(JavaModifier.STATIC).andShould().beDeclaredInClassesThat().resideInAPackage(""packageIdentifier"")",0
"field [private] should beAnnotatedWith ""annotatedTypeName"";","fields().that().arePrivate().should().beAnnotatedWith(""annotatedTypeName"")",0
"field [protected] should haveFullNameMatching ""regex"";","fields().that().areProtected().should().haveFullNameMatching("".*regex.*"")",0
Trains Failed,Trains Failed,Trains Failed
field [packagePrivate (haveNameMatching “regex”)] should BePackagePrivate;,"fields().that().arePackagePrivate().and().haveNameMatching("".*regex.*"").should().bePackagePrivate()",0
"field [public] should haveNameEndingWith ""regex"";","fields().that().arePublic().should().haveNameEndingWith(""regex"")",0
"field [private] should not declaredIn class [(packagename ""packageIdentifier"")];","noFields().that().arePrivate().should().beDeclaredInClassesThat().resideInAPackage(""packageIdentifier"")",0
"field [public] should haveNameStartingWith ""typeName"";","fields().that().arePublic().should().haveNameStartingWith(""typeName"")",0
Trains Failed,Trains Failed,Trains Failed
Trains Failed,Trains Failed,Trains Failed
"field [private] should declareThrowableOfType ""typeName"";","fields().that().arePrivate().should().declareThrowableOfType(""typeName"")",0
"field [static (packagename ""packageIdentifier"")] should BePublic;","fields().that().haveModifier(JavaModifier.STATIC).and().areDeclaredInClassesThat().resideInAPackage(""packageIdentifier"").should().bePublic()",0
"field[final (packagename ""packageIdentifier"")] should BePrivate;","fields().that().haveModifier(JavaModifier.FINAL).and().areDeclaredInClassesThat().resideInAPackage(""packageIdentifier"").should().bePrivate()",0
"field [private (packagename ""packageIdentifier"")] should BeProtected;","fields().that().arePrivate().and().areDeclaredInClassesThat().resideInAPackage(""packageIdentifier"").should().beProtected()",0
field[public (packagename “packageIdentifier”)] should BePackagePrivate;,"fields().that().arePublic().and().areDeclaredInClassesThat().resideInAPackage(""packageIdentifier"").should().bePackagePrivate()",0
"field [(haveNameMatching ""regex"")] should BeFinal;","fields().that().haveNameMatching("".*regex.*"").should().beFinal()",0
"member [public] should declaredIn class (packagename ""packageIdentifier"");","members().that().arePublic().should().beDeclaredInClassesThat().resideInAPackage(""packageIdentifier"")",1
"member [private] should declaredIn class (implement ""typeName"");","members().that().arePrivate().should().beDeclaredInClassesThat().implement(""typeName"")",0
"member [protected] should declaredIn class (packagename ""packageIdentifier"");","members().that().areProtected().should().beDeclaredInClassesThat().resideInAPackage(""packageIdentifier"")",0
Trains Failed,Trains Failed,Trains Failed
"member [packagePrivate (packagename ""packageIdentifier"")] should declaredIn class [(packagename ""packageIdentifier"")];","members().that().arePackagePrivate().and().areDeclaredInClassesThat().resideInAPackage(""packageIdentifier"").should().beDeclaredInClassesThat().resideInAPackage(""packageIdentifier"")",3
"member[public (haveNameMatching ""get"")] should declaredIn class [(packagename ""packageIdentifier"")];","members().that().arePublic().and().haveNameMatching("".*get.*"").should().beDeclaredInClassesThat().resideInAPackage(""packageIdentifier"")",0
"member [private] should not declaredIn class [(packagename ""packageIdentifier"")];","noMembers().that().arePrivate().should().beDeclaredInClassesThat().resideInAPackage(""packageIdentifier"")",0
member[public(packagename “packageIdentifier1”)] should declaredIn class (packagename “packageIdentifier2”);,"members().that().arePublic().and().areDeclaredInClassesThat().resideInAPackage(""packageIdentifier1"").should().beDeclaredInClassesThat().resideInAPackage(""packageIdentifier2"")",0
"member [(haveNameMatching ""regex"")] should declaredIn class (implement ""typeName"");","members().that().haveNameMatching("".*regex.*"").should().beDeclaredInClassesThat().implement(""typeName"")",0
"member [(haveNameMatching ""regex"")] should declaredIn class [(packagename ""packageIdentifier1"")];","members().that().haveNameMatching("".*regex.*"").should().beDeclaredInClassesThat().resideInAPackage(""packageIdentifier1"")",0
member [public] should declaredIn class [public];,members().that().arePublic().should().beDeclaredInClassesThat().arePublic(),0
member [private] should declaredIn class [static];,members().that().arePrivate().should().beDeclaredInClassesThat().haveModifier(JavaModifier.STATIC),0
member [protected] should declaredIn class [protected];,members().that().areProtected().should().beDeclaredInClassesThat().areProtected(),0
member [private] should not declaredIn class [packagePrivate];,noMembers().that().arePrivate().should().beDeclaredInClassesThat().arePackagePrivate(),0
member [packagePrivate] should declaredIn class [final];,members().that().arePackagePrivate().should().beDeclaredInClassesThat()..haveModifier(JavaModifier.FINAL),0
Trains Failed,Trains Failed,Trains Failed
"member [private] should not declaredIn class [(packagename ""packageIdentifier"")] ;","noMembers().that().arePrivate().should().beDeclaredInClassesThat().resideInAPackage(""packageIdentifier"")",0
"member[public (packagename ""packageIdentifier1"")] should declaredIn class [public (packagename ""packageIdentifier2"")];","members().that().arePublic().and().areDeclaredInClassesThat().resideInAPackage(""packageIdentifier1"").should().beDeclaredInClassesThat().arePublic().andShould().beDeclaredInClassesThat().resideInAPackage(""packageIdentifier2"")",0
"member [(haveNameMatching ""regex"")] should declaredIn class [public (implement ""typeName"")];","members().that().haveNameMatching("".*regex.*"").should().beDeclaredInClassesThat().arePublic().andShould().beDeclaredInClassesThat().implement(""typeName"")",0
"member [(haveNameMatching ""regex"")] should declaredIn class [static (packagename ""packageIdentifier"")];","members().that().haveNameMatching("".*regex.*"").should().beDeclaredInClassesThat().haveModifier(JavaModifier.STATIC).andShould().beDeclaredInClassesThat().resideInAPackage(""packageIdentifier"")",0
"member [private] should beAnnotatedWith ""annotatedTypeName"";","members().that().arePrivate().should().beAnnotatedWith(""annotatedTypeName"")",0
"member[protected] should haveFullNameMatching ""regex"";","members().that().areProtected().should().haveFullNameMatching("".*regex.*"")",0
Trains Failed,Trains Failed,Trains Failed
member [packagePrivate (haveNameMatching “regex”)] should BePackagePrivate;,"members().that().arePackagePrivate().and().haveNameMatching("".*regex.*"").should().bePackagePrivate()",0
"member[public] should haveNameEndingWith ""regex"";","members().that().arePublic().should().haveNameEndingWith(""regex"")",0
"member [private] should not declaredIn class [(packagename ""packageIdentifier"")];","noMembers().that().arePrivate().should().beDeclaredInClassesThat().resideInAPackage(""packageIdentifier"")",0
"member[public] should haveNameStartingWith ""regex"";","members().that().arePublic().should().haveNameStartingWith(""regex"")",0
"member[private] should haveNameStartingWith ""regex"";","members().that().arePrivate().should().haveNameStartingWith(""regex"")",0
"member[public] should haveNameStartingWith ""regex"";","members().that().arePublic().should().haveNameStartingWith(""regex"")",0
"member [private] should declareThrowableOfType ""typeName"";","members().that().arePrivate().should().declareThrowableOfType(""typeName"")",0
member[static (packagename “packageIdentifier”)] should BePublic;,"members().that().haveModifier(JavaModifier.STATIC).and().areDeclaredInClassesThat().resideInAPackage(""packageIdentifier"").should().bePublic()",0
"member[final (packagename ""packageIdentifier"")] should BePrivate;","members().that().haveModifier(JavaModifier.FINAL).and().areDeclaredInClassesThat().resideInAPackage(""packageIdentifier"").should().bePrivate()",0
"member [private (packagename ""packageIdentifier"")] should BeProtected;","members().that().arePrivate().and().areDeclaredInClassesThat().resideInAPackage(""packageIdentifier"").should().beProtected()",0
member[public (packagename “packageIdentifier”)] should BePackagePrivate;,"members().that().arePublic().and().areDeclaredInClassesThat().resideInAPackage(""packageIdentifier"").should().bePackagePrivate()",0
"member [(haveNameMatching ""regex"")] should BePublic;","members().that().haveNameMatching("".*regex.*"").should().bePublic()",0
"constructor[public] should declaredIn class [(packagename ""packageIdentifier"")];","constructors().that().arePublic().should().beDeclaredInClassesThat().resideInAPackage(""packageIdentifier"")",0
"constructor [private] should declaredIn class (implement ""typeName"");","constructors().that().arePrivate().should().beDeclaredInClassesThat().implement(""typeName"")",0
"constructor[protected] should declaredIn class (packagename ""packageIdentifier"");","constructors().that().areProtected().should().beDeclaredInClassesThat().resideInAPackage(""packageIdentifier"")",0
Trains Failed,Trains Failed,Trains Failed
"constructor [packagePrivate (packagename ""packageIdentifier"")] should declaredIn class [(packagename ""packageIdentifier"")];","constructors().that().arePackagePrivate().and().areDeclaredInClassesThat().resideInAPackage(""packageIdentifier"").should().beDeclaredInClassesThat().resideInAPackage(""packageIdentifier"")",4
"constructor[public (haveNameMatching ""get"")] should declaredIn class [(packagename ""packageIdentifier"")];","constructors().that().arePublic().and().haveNameMatching("".*get.*"").should().beDeclaredInClassesThat().resideInAPackage(""packageIdentifier"")",0
"constructor [private] should not declaredIn class [(packagename ""packageIdentifier"")];","noConstructors().that().arePrivate().should().beDeclaredInClassesThat().resideInAPackage(""packageIdentifier"")",0
"constructor[public (packagename ""packageIdentifier1"")] should declaredIn class [(packagename ""packageIdentifier2"")];","constructors().that().arePublic().and().areDeclaredInClassesThat().resideInAPackage(""packageIdentifier1"").should().beDeclaredInClassesThat().resideInAPackage(""packageIdentifier2"")",0
"constructor [(haveNameMatching ""regex"")] should declaredIn class (implement ""typeName"");","constructors().that().haveNameMatching("".*regex.*"").should().beDeclaredInClassesThat().implement(""typeName"")",0
"constructor [(haveNameMatching ""regex"")] should declaredIn class [(packagename ""packageIdentifier1"")];","constructors().that().haveNameMatching("".*regex.*"").should().beDeclaredInClassesThat().resideInAPackage(""packageIdentifier1"")",0
constructor[public] should declaredIn class[public];,constructors().that().arePublic().should().beDeclaredInClassesThat().arePublic(),0
constructor[private] should declaredIn class [static];,constructors().that().arePrivate().should().beDeclaredInClassesThat().haveModifier(JavaModifier.STATIC),0
constructor [protected] should declaredIn class [protected];,constructors().that().areProtected().should().beDeclaredInClassesThat().areProtected(),0
constructor [private] should not declaredIn class [packagePrivate];,noConstructors().that().arePrivate().should().beDeclaredInClassesThat().arePackagePrivate(),0
constructor [packagePrivate] should declaredIn class [final];,constructors().that().arePackagePrivate().should().beDeclaredInClassesThat()..haveModifier(JavaModifier.FINAL),0
"constructor[public (haveNameMatching ""get"")] should declaredIn class[private];","constructors().that().arePublic().and().haveNameMatching("".*get.*"").should().beDeclaredInClassesThat().arePrivate()",0
"constructor [private] should not declaredIn class [(packagename ""packageIdentifier"")];","noConstructors().that().arePrivate().should().beDeclaredInClassesThat().resideInAPackage(""packageIdentifier"")",0
"constructor[public (packagename ""packageIdentifier1"")] should declaredIn class [public (packagename ""packageIdentifier2"")];","constructors().that().arePublic().and().areDeclaredInClassesThat().resideInAPackage(""packageIdentifier1"").should().beDeclaredInClassesThat().arePublic().andShould().beDeclaredInClassesThat().resideInAPackage(""packageIdentifier2"")",0
"constructor [(haveNameMatching ""regex"")] should declaredIn class [public (implement ""typeName"")];","constructors().that().haveNameMatching("".*regex.*"").should().beDeclaredInClassesThat().arePublic().andShould().beDeclaredInClassesThat().implement(""typeName"")",0
"constructor [(haveNameMatching ""regex"")] should declaredIn class [static (packagename ""packageIdentifier"")];","constructors().that().haveNameMatching("".*regex.*"").should().beDeclaredInClassesThat().haveModifier(JavaModifier.STATIC).andShould().beDeclaredInClassesThat().resideInAPackage(""packageIdentifier"")",0
"constructor[private] should beAnnotatedWith ""annotatedTypeName"";","constructors().that().arePrivate().should().beAnnotatedWith(""annotatedTypeName"")",0
"constructor[protected] should haveFullNameMatching ""regex"";","constructors().that().areProtected().should().haveFullNameMatching("".*regex.*"")",0
Trains Failed,Trains Failed,Trains Failed
constructor[packagePrivate (haveNameMatching “regex”)] should BePackagePrivate;,"constructors().that().arePackagePrivate().and().haveNameMatching("".*regex.*"").should().bePackagePrivate()",0
"constructor[public] should haveNameEndingWith ""regex"";","constructors().that().arePublic().should().haveNameEndingWith(""regex"")",0
"constructor [private] should not declaredIn class [(packagename ""packageIdentifier"")];","noConstructors().that().arePrivate().should().beDeclaredInClassesThat().resideInAPackage(""packageIdentifier"")",0
"constructor[public] should haveNameStartingWith ""regex"";","constructors().that().arePublic().should().haveNameStartingWith(""regex"")",0
"constructor[private] should haveNameStartingWith ""regex"";","constructors().that().arePrivate().should().haveNameStartingWith(""regex"")",0
"constructor[public] should haveNameStartingWith ""regex"";","constructors().that().arePublic().should().haveNameStartingWith(""regex"")",0
"constructor[private] should declareThrowableOfType ""typeName"";","constructors().that().arePrivate().should().declareThrowableOfType(""typeName"")",0
"constructor[static (packagename ""packageIdentifier"")] should BePublic;","constructors().that().haveModifier(JavaModifier.STATIC).and().areDeclaredInClassesThat().resideInAPackage(""packageIdentifier"").should().bePublic()",0
"constructor[final (packagename ""packageIdentifier"")] should BePrivate;","constructors().that().haveModifier(JavaModifier.FINAL).and().areDeclaredInClassesThat().resideInAPackage(""packageIdentifier"").should().bePrivate()",0
"member [private (packagename ""packageIdentifier"")] should BeProtected;","members().that().arePrivate().and().areDeclaredInClassesThat().resideInAPackage(""packageIdentifier"").should().beProtected()",0
constructor[public (packagename “packageIdentifier”)] should BePackagePrivate;,"constructors().that().arePublic().and().areDeclaredInClassesThat().resideInAPackage(""packageIdentifier"").should().bePackagePrivate()",0
"constructor [(haveNameMatching ""regex"")] should BePublic;","constructors().that().haveNameMatching("".*regex.*"").should().bePublic()",0
