1,classes that have name matching '.*Method.*' should depend on classes that reside in a package '..runner..',"Field <org.exolab.castor.xml.Introspector$MethodSet._get> has type <java.lang.reflect.Method>",Introspector.java,MEDIUM
2,classes that have name matching '.*Method.*' should depend on classes that reside in a package '..runner..',"Field <org.exolab.castor.xml.Introspector$MethodSet.this$0> has type <org.exolab.castor.xml.Introspector>",Introspector.java,MEDIUM
3,classes that have name matching '.*Method.*' should depend on classes that reside in a package '..runner..',"Class <org.exolab.castor.xml.Introspector$MethodSet> extends class <java.lang.Object>",Introspector.java,MEDIUM
4,classes that have name matching '.*Method.*' should depend on classes that reside in a package '..runner..',"Field <org.exolab.castor.xml.Introspector$MethodSet._create> has type <java.lang.reflect.Method>",Introspector.java,MEDIUM
5,classes that have name matching '.*Method.*' should depend on classes that reside in a package '..runner..',"Constructor <org.exolab.castor.xml.Introspector$MethodSet.<init>(org.exolab.castor.xml.Introspector, java.lang.String)> has parameter of type <java.lang.String>",Introspector.java,MEDIUM
6,classes that have name matching '.*Method.*' should depend on classes that reside in a package '..runner..',"Field <org.exolab.castor.xml.Introspector$MethodSet._fieldName> has type <java.lang.String>",Introspector.java,MEDIUM
7,classes that have name matching '.*Method.*' should depend on classes that reside in a package '..runner..',"Constructor <org.exolab.castor.xml.Introspector$MethodSet.<init>(org.exolab.castor.xml.Introspector, java.lang.String)> calls constructor <java.lang.Object.<init>()>",Introspector.java,MEDIUM
8,classes that have name matching '.*Method.*' should depend on classes that reside in a package '..runner..',"Constructor <org.exolab.castor.xml.Introspector$MethodSet.<init>(org.exolab.castor.xml.Introspector, java.lang.String)> has parameter of type <org.exolab.castor.xml.Introspector>",Introspector.java,MEDIUM
9,classes that have name matching '.*Method.*' should depend on classes that reside in a package '..runner..',"Field <org.exolab.castor.xml.Introspector$MethodSet._add> has type <java.lang.reflect.Method>",Introspector.java,MEDIUM
10,classes that have name matching '.*Method.*' should depend on classes that reside in a package '..runner..',"Field <org.exolab.castor.xml.Introspector$MethodSet._set> has type <java.lang.reflect.Method>",Introspector.java,MEDIUM
11,classes that have name matching '.*Method.*' should depend on classes that reside in a package '..runner..',"Field <org.exolab.javasource.JMethod._signature> has type <org.exolab.javasource.JMethodSignature>",JMethod.java,MEDIUM
12,classes that have name matching '.*Method.*' should depend on classes that reside in a package '..runner..',"Method <org.exolab.javasource.JMethod.addException(org.exolab.javasource.JClass, java.lang.String)> has parameter of type <java.lang.String>",JMethod.java,MEDIUM
13,classes that have name matching '.*Method.*' should depend on classes that reside in a package '..runner..',"Method <org.exolab.javasource.JMethod.addParameter(org.exolab.javasource.JParameter)> has parameter of type <org.exolab.javasource.JParameter>",JMethod.java,MEDIUM
14,classes that have name matching '.*Method.*' should depend on classes that reside in a package '..runner..',"Method <org.exolab.javasource.JMethod.print(org.exolab.javasource.JSourceWriter)> calls method <org.exolab.javasource.JModifiers.isAbstract()>",JMethod.java,MEDIUM
15,classes that have name matching '.*Method.*' should depend on classes that reside in a package '..runner..',"Constructor <org.exolab.javasource.JMethod.<init>(java.lang.String, org.exolab.javasource.JType, java.lang.String)> has parameter of type <java.lang.String>",JMethod.java,MEDIUM
16,classes that have name matching '.*Method.*' should depend on classes that reside in a package '..runner..',"Method <org.exolab.javasource.JMethod.print(org.exolab.javasource.JSourceWriter)> calls method <org.exolab.javasource.JSourceWriter.writeln(java.lang.String)>",JMethod.java,MEDIUM
17,classes that have name matching '.*Method.*' should depend on classes that reside in a package '..runner..',"Method <org.exolab.javasource.JMethod.getAnnotation(org.exolab.javasource.JAnnotationType)> calls method <org.exolab.javasource.JMethodSignature.getAnnotation(org.exolab.javasource.JAnnotationType)>",JMethod.java,MEDIUM
18,classes that have name matching '.*Method.*' should depend on classes that reside in a package '..runner..',"Method <org.exolab.javasource.JMethod.addParameter(org.exolab.javasource.JParameter)> calls method <org.exolab.javasource.JCollectionType.getComponentType()>",JMethod.java,MEDIUM
19,classes that have name matching '.*Method.*' should depend on classes that reside in a package '..runner..',"Method <org.exolab.javasource.JMethod.addParameter(org.exolab.javasource.JParameter)> calls method <org.exolab.javasource.JMethodSignature.addParameter(org.exolab.javasource.JParameter)>",JMethod.java,MEDIUM
20,classes that have name matching '.*Method.*' should depend on classes that reside in a package '..runner..',"Constructor <org.exolab.javasource.JMethod.<init>(java.lang.String, org.exolab.javasource.JType, java.lang.String)> calls method <java.lang.StringBuilder.append(java.lang.String)>",JMethod.java,MEDIUM
21,classes that have name matching '.*Method.*' should depend on classes that reside in a package '..runner..',"Constructor <org.exolab.javasource.JMethod.<init>(java.lang.String, org.exolab.javasource.JType, java.lang.String)> calls method <java.lang.String.length()>",JMethod.java,MEDIUM
22,classes that have name matching '.*Method.*' should depend on classes that reside in a package '..runner..',"Method <org.exolab.javasource.JMethod.print(org.exolab.javasource.JSourceWriter)> has parameter of type <org.exolab.javasource.JSourceWriter>",JMethod.java,MEDIUM
23,classes that have name matching '.*Method.*' should depend on classes that reside in a package '..runner..',"Method <org.exolab.javasource.JMethod.getName()> has return type <java.lang.String>",JMethod.java,MEDIUM
24,classes that have name matching '.*Method.*' should depend on classes that reside in a package '..runner..',"Constructor <org.exolab.javasource.JMethod.<init>(java.lang.String)> calls constructor <java.lang.IllegalArgumentException.<init>(java.lang.String)>",JMethod.java,MEDIUM
25,classes that have name matching '.*Method.*' should depend on classes that reside in a package '..runner..',"Method <org.exolab.javasource.JMethod.getExceptions()> has return type <[Lorg.exolab.javasource.JClass;>",JMethod.java,MEDIUM
26,classes that have name matching '.*Method.*' should depend on classes that reside in a package '..runner..',"Method <org.exolab.javasource.JMethod.addParameter(org.exolab.javasource.JParameter)> calls method <java.util.Vector.size()>",JMethod.java,MEDIUM
27,classes that have name matching '.*Method.*' should depend on classes that reside in a package '..runner..',"Constructor <org.exolab.javasource.JMethod.<init>(java.lang.String, org.exolab.javasource.JType, java.lang.String)> calls method <org.exolab.javasource.JMethodSignature.getJDocComment()>",JMethod.java,MEDIUM
28,classes that have name matching '.*Method.*' should depend on classes that reside in a package '..runner..',"Method <org.exolab.javasource.JMethod.toString()> has return type <java.lang.String>",JMethod.java,MEDIUM
29,classes that have name matching '.*Method.*' should depend on classes that reside in a package '..runner..',"Class <org.exolab.javasource.JMethod> implements interface <org.exolab.javasource.JMember>",JMethod.java,MEDIUM
30,classes that have name matching '.*Method.*' should depend on classes that reside in a package '..runner..',"Method <org.exolab.javasource.JMethod.getSourceCode()> has return type <org.exolab.javasource.JSourceCode>",JMethod.java,MEDIUM
31,classes that have name matching '.*Method.*' should depend on classes that reside in a package '..runner..',"Constructor <org.exolab.javasource.JMethod.<init>(java.lang.String, org.exolab.javasource.JType, java.lang.String)> calls method <java.lang.StringBuilder.append(java.lang.String)>",JMethod.java,MEDIUM
32,classes that have name matching '.*Method.*' should depend on classes that reside in a package '..runner..',"Method <org.exolab.javasource.JMethod.addParameter(org.exolab.javasource.JParameter)> calls method <java.util.Vector.elementAt(int)>",JMethod.java,MEDIUM
33,classes that have name matching '.*Method.*' should depend on classes that reside in a package '..runner..',"Constructor <org.exolab.javasource.JMethod.<init>(java.lang.String, org.exolab.javasource.JType, java.lang.String)> calls method <org.exolab.javasource.JDocComment.addDescriptor(org.exolab.javasource.JDocDescriptor)>",JMethod.java,MEDIUM
34,classes that have name matching '.*Method.*' should depend on classes that reside in a package '..runner..',"Field <org.exolab.javasource.JMethod._classes> has type <java.util.Vector>",JMethod.java,MEDIUM
35,classes that have name matching '.*Method.*' should depend on classes that reside in a package '..runner..',"Constructor <org.exolab.javasource.JMethod.<init>(java.lang.String, org.exolab.javasource.JType, java.lang.String)> calls method <org.exolab.javasource.JDocDescriptor.createReturnDesc(java.lang.String)>",JMethod.java,MEDIUM
36,classes that have name matching '.*Method.*' should depend on classes that reside in a package '..runner..',"Method <org.exolab.javasource.JMethod.getParameters()> depends on component type <org.exolab.javasource.JParameter>",JMethod.java,MEDIUM
37,classes that have name matching '.*Method.*' should depend on classes that reside in a package '..runner..',"Method <org.exolab.javasource.JMethod.isAnnotationPresent(org.exolab.javasource.JAnnotationType)> has parameter of type <org.exolab.javasource.JAnnotationType>",JMethod.java,MEDIUM
38,classes that have name matching '.*Method.*' should depend on classes that reside in a package '..runner..',"Method <org.exolab.javasource.JMethod.getAnnotation(org.exolab.javasource.JAnnotationType)> has parameter of type <org.exolab.javasource.JAnnotationType>",JMethod.java,MEDIUM
39,classes that have name matching '.*Method.*' should depend on classes that reside in a package '..runner..',"Constructor <org.exolab.javasource.JMethod.<init>(java.lang.String, org.exolab.javasource.JType, java.lang.String)> calls method <org.exolab.javasource.JDocComment.addDescriptor(org.exolab.javasource.JDocDescriptor)>",JMethod.java,MEDIUM
40,classes that have name matching '.*Method.*' should depend on classes that reside in a package '..runner..',"Method <org.exolab.javasource.JMethod.getAnnotations()> depends on component type <org.exolab.javasource.JAnnotation>",JMethod.java,MEDIUM
41,classes that have name matching '.*Method.*' should depend on classes that reside in a package '..runner..',"Method <org.exolab.javasource.JMethod.getParameterCount()> calls method <org.exolab.javasource.JMethodSignature.getParameters()>",JMethod.java,MEDIUM
42,classes that have name matching '.*Method.*' should depend on classes that reside in a package '..runner..',"Method <org.exolab.javasource.JMethod.setSourceCode(org.exolab.javasource.JSourceCode)> has parameter of type <org.exolab.javasource.JSourceCode>",JMethod.java,MEDIUM
43,classes that have name matching '.*Method.*' should depend on classes that reside in a package '..runner..',"Method <org.exolab.javasource.JMethod.setComment(java.lang.String)> calls method <org.exolab.javasource.JDocComment.setComment(java.lang.String)>",JMethod.java,MEDIUM
44,classes that have name matching '.*Method.*' should depend on classes that reside in a package '..runner..',"Method <org.exolab.javasource.JMethod.addException(org.exolab.javasource.JClass, java.lang.String)> has parameter of type <org.exolab.javasource.JClass>",JMethod.java,MEDIUM
45,classes that have name matching '.*Method.*' should depend on classes that reside in a package '..runner..',"Constructor <org.exolab.javasource.JMethod.<init>(java.lang.String, org.exolab.javasource.JType, java.lang.String)> calls method <java.lang.StringBuilder.append(java.lang.String)>",JMethod.java,MEDIUM
46,classes that have name matching '.*Method.*' should depend on classes that reside in a package '..runner..',"Method <org.exolab.javasource.JMethod.print(org.exolab.javasource.JSourceWriter)> calls method <org.exolab.javasource.JSourceCode.print(org.exolab.javasource.JSourceWriter)>",JMethod.java,MEDIUM
47,classes that have name matching '.*Method.*' should depend on classes that reside in a package '..runner..',"Constructor <org.exolab.javasource.JMethod.<init>(java.lang.String)> calls constructor <java.lang.Object.<init>()>",JMethod.java,MEDIUM
48,classes that have name matching '.*Method.*' should depend on classes that reside in a package '..runner..',"Constructor <org.exolab.javasource.JMethod.<init>(java.lang.String)> calls constructor <org.exolab.javasource.JSourceCode.<init>()>",JMethod.java,MEDIUM
49,classes that have name matching '.*Method.*' should depend on classes that reside in a package '..runner..',"Method <org.exolab.javasource.JMethod.setSourceCode(java.lang.String)> has parameter of type <java.lang.String>",JMethod.java,MEDIUM
50,classes that have name matching '.*Method.*' should depend on classes that reside in a package '..runner..',"Method <org.exolab.javasource.JMethod.print(org.exolab.javasource.JSourceWriter)> calls method <org.exolab.javasource.JMethodSignature.print(org.exolab.javasource.JSourceWriter, boolean)>",JMethod.java,MEDIUM
51,classes that have name matching '.*Method.*' should depend on classes that reside in a package '..runner..',"Constructor <org.exolab.javasource.JMethod.<init>(java.lang.String, org.exolab.javasource.JType, java.lang.String)> calls method <java.lang.StringBuilder.toString()>",JMethod.java,MEDIUM
52,classes that have name matching '.*Method.*' should depend on classes that reside in a package '..runner..',"Method <org.exolab.javasource.JMethod.addAnnotation(org.exolab.javasource.JAnnotation)> calls method <org.exolab.javasource.JMethodSignature.addAnnotation(org.exolab.javasource.JAnnotation)>",JMethod.java,MEDIUM
53,classes that have name matching '.*Method.*' should depend on classes that reside in a package '..runner..',"Method <org.exolab.javasource.JMethod.addAnnotation(org.exolab.javasource.JAnnotation)> has parameter of type <org.exolab.javasource.JAnnotation>",JMethod.java,MEDIUM
54,classes that have name matching '.*Method.*' should depend on classes that reside in a package '..runner..',"Method <org.exolab.javasource.JMethod.getAnnotations()> calls method <org.exolab.javasource.JMethodSignature.getAnnotations()>",JMethod.java,MEDIUM
55,classes that have name matching '.*Method.*' should depend on classes that reside in a package '..runner..',"Constructor <org.exolab.javasource.JMethod.<init>(java.lang.String, org.exolab.javasource.JType, java.lang.String)> calls method <org.exolab.javasource.JDocComment.appendComment(java.lang.String)>",JMethod.java,MEDIUM
56,classes that have name matching '.*Method.*' should depend on classes that reside in a package '..runner..',"Method <org.exolab.javasource.JMethod.removeAnnotation(org.exolab.javasource.JAnnotationType)> calls method <org.exolab.javasource.JMethodSignature.removeAnnotation(org.exolab.javasource.JAnnotationType)>",JMethod.java,MEDIUM
57,classes that have name matching '.*Method.*' should depend on classes that reside in a package '..runner..',"Method <org.exolab.javasource.JMethod.addParameter(org.exolab.javasource.JParameter)> checks instanceof <org.exolab.javasource.JCollectionType>",JMethod.java,MEDIUM
58,classes that have name matching '.*Method.*' should depend on classes that reside in a package '..runner..',"Method <org.exolab.javasource.JMethod.getName()> calls method <org.exolab.javasource.JMethodSignature.getName()>",JMethod.java,MEDIUM
59,classes that have name matching '.*Method.*' should depend on classes that reside in a package '..runner..',"Constructor <org.exolab.javasource.JMethod.<init>(java.lang.String, org.exolab.javasource.JType, java.lang.String)> calls constructor <org.exolab.javasource.JMethodSignature.<init>(java.lang.String, org.exolab.javasource.JType)>",JMethod.java,MEDIUM
60,classes that have name matching '.*Method.*' should depend on classes that reside in a package '..runner..',"Method <org.exolab.javasource.JMethod.addException(org.exolab.javasource.JClass, java.lang.String)> calls method <org.exolab.javasource.JMethodSignature.addException(org.exolab.javasource.JClass)>",JMethod.java,MEDIUM
61,classes that have name matching '.*Method.*' should depend on classes that reside in a package '..runner..',"Method <org.exolab.javasource.JMethod.addParameter(org.exolab.javasource.JParameter)> calls method <org.exolab.javasource.JArrayType.getComponentType()>",JMethod.java,MEDIUM
62,classes that have name matching '.*Method.*' should depend on classes that reside in a package '..runner..',"Method <org.exolab.javasource.JMethod.setModifiers(org.exolab.javasource.JModifiers)> calls method <org.exolab.javasource.JMethodSignature.setModifiers(org.exolab.javasource.JModifiers)>",JMethod.java,MEDIUM
63,classes that have name matching '.*Method.*' should depend on classes that reside in a package '..runner..',"Method <org.exolab.javasource.JMethod.addException(org.exolab.javasource.JClass, java.lang.String)> calls method <org.exolab.javasource.JDocComment.addDescriptor(org.exolab.javasource.JDocDescriptor)>",JMethod.java,MEDIUM
64,classes that have name matching '.*Method.*' should depend on classes that reside in a package '..runner..',"Class <org.exolab.javasource.JMethod> implements interface <org.exolab.javasource.JAnnotatedElement>",JMethod.java,MEDIUM
65,classes that have name matching '.*Method.*' should depend on classes that reside in a package '..runner..',"Method <org.exolab.javasource.JMethod.setName(java.lang.String)> has parameter of type <java.lang.String>",JMethod.java,MEDIUM
66,classes that have name matching '.*Method.*' should depend on classes that reside in a package '..runner..',"Method <org.exolab.javasource.JMethod.hasAnnotations()> calls method <org.exolab.javasource.JMethodSignature.hasAnnotations()>",JMethod.java,MEDIUM
67,classes that have name matching '.*Method.*' should depend on classes that reside in a package '..runner..',"Field <org.exolab.javasource.JMethod._source> has type <org.exolab.javasource.JSourceCode>",JMethod.java,MEDIUM
68,classes that have name matching '.*Method.*' should depend on classes that reside in a package '..runner..',"Method <org.exolab.javasource.JMethod.addException(org.exolab.javasource.JClass, java.lang.String)> calls method <org.exolab.javasource.JDocDescriptor.createExceptionDesc(java.lang.String, java.lang.String)>",JMethod.java,MEDIUM
69,classes that have name matching '.*Method.*' should depend on classes that reside in a package '..runner..',"Constructor <org.exolab.javasource.JMethod.<init>(java.lang.String)> calls method <org.exolab.javasource.JMethodSignature.getJDocComment()>",JMethod.java,MEDIUM
70,classes that have name matching '.*Method.*' should depend on classes that reside in a package '..runner..',"Method <org.exolab.javasource.JMethod.getReturnType()> has return type <org.exolab.javasource.JType>",JMethod.java,MEDIUM
71,classes that have name matching '.*Method.*' should depend on classes that reside in a package '..runner..',"Method <org.exolab.javasource.JMethod.getAnnotation(org.exolab.javasource.JAnnotationType)> has return type <org.exolab.javasource.JAnnotation>",JMethod.java,MEDIUM
72,classes that have name matching '.*Method.*' should depend on classes that reside in a package '..runner..',"Method <org.exolab.javasource.JMethod.setComment(java.lang.String)> has parameter of type <java.lang.String>",JMethod.java,MEDIUM
73,classes that have name matching '.*Method.*' should depend on classes that reside in a package '..runner..',"Method <org.exolab.javasource.JMethod.getModifiers()> calls method <org.exolab.javasource.JMethodSignature.getModifiers()>",JMethod.java,MEDIUM
74,classes that have name matching '.*Method.*' should depend on classes that reside in a package '..runner..',"Method <org.exolab.javasource.JMethod.setModifiers(org.exolab.javasource.JModifiers)> has parameter of type <org.exolab.javasource.JModifiers>",JMethod.java,MEDIUM
75,classes that have name matching '.*Method.*' should depend on classes that reside in a package '..runner..',"Method <org.exolab.javasource.JMethod.setName(java.lang.String)> calls method <org.exolab.javasource.JMethodSignature.setName(java.lang.String)>",JMethod.java,MEDIUM
76,classes that have name matching '.*Method.*' should depend on classes that reside in a package '..runner..',"Constructor <org.exolab.javasource.JMethod.<init>(java.lang.String, org.exolab.javasource.JType, java.lang.String)> calls constructor <java.lang.StringBuilder.<init>()>",JMethod.java,MEDIUM
77,classes that have name matching '.*Method.*' should depend on classes that reside in a package '..runner..',"Constructor <org.exolab.javasource.JMethod.<init>(java.lang.String, org.exolab.javasource.JType, java.lang.String)> calls method <org.exolab.javasource.JType.getLocalName()>",JMethod.java,MEDIUM
78,classes that have name matching '.*Method.*' should depend on classes that reside in a package '..runner..',"Method <org.exolab.javasource.JMethod.addParameter(org.exolab.javasource.JParameter)> calls method <org.exolab.javasource.JType.isPrimitive()>",JMethod.java,MEDIUM
79,classes that have name matching '.*Method.*' should depend on classes that reside in a package '..runner..',"Constructor <org.exolab.javasource.JMethod.<init>(java.lang.String)> calls method <java.lang.String.length()>",JMethod.java,MEDIUM
80,classes that have name matching '.*Method.*' should depend on classes that reside in a package '..runner..',"Method <org.exolab.javasource.JMethod.addParameter(org.exolab.javasource.JParameter)> calls method <org.exolab.javasource.JClass.getName()>",JMethod.java,MEDIUM
81,classes that have name matching '.*Method.*' should depend on classes that reside in a package '..runner..',"Constructor <org.exolab.javasource.JMethod.<init>(java.lang.String, org.exolab.javasource.JType, java.lang.String)> has parameter of type <org.exolab.javasource.JType>",JMethod.java,MEDIUM
82,classes that have name matching '.*Method.*' should depend on classes that reside in a package '..runner..',"Method <org.exolab.javasource.JMethod.removeAnnotation(org.exolab.javasource.JAnnotationType)> has return type <org.exolab.javasource.JAnnotation>",JMethod.java,MEDIUM
83,classes that have name matching '.*Method.*' should depend on classes that reside in a package '..runner..',"Method <org.exolab.javasource.JMethod.getParameters()> calls method <org.exolab.javasource.JMethodSignature.getParameters()>",JMethod.java,MEDIUM
84,classes that have name matching '.*Method.*' should depend on classes that reside in a package '..runner..',"Method <org.exolab.javasource.JMethod.addParameter(org.exolab.javasource.JParameter)> calls method <org.exolab.javasource.JClass.addImport(java.lang.String)>",JMethod.java,MEDIUM
85,classes that have name matching '.*Method.*' should depend on classes that reside in a package '..runner..',"Constructor <org.exolab.javasource.JMethod.<init>(java.lang.String)> calls constructor <java.util.Vector.<init>(int)>",JMethod.java,MEDIUM
86,classes that have name matching '.*Method.*' should depend on classes that reside in a package '..runner..',"Constructor <org.exolab.javasource.JMethod.<init>(java.lang.String)> calls constructor <org.exolab.javasource.JMethodSignature.<init>(java.lang.String)>",JMethod.java,MEDIUM
87,classes that have name matching '.*Method.*' should depend on classes that reside in a package '..runner..',"Method <org.exolab.javasource.JMethod.getModifiers()> has return type <org.exolab.javasource.JModifiers>",JMethod.java,MEDIUM
88,classes that have name matching '.*Method.*' should depend on classes that reside in a package '..runner..',"Method <org.exolab.javasource.JMethod.getExceptionCount()> calls method <org.exolab.javasource.JMethodSignature.getExceptions()>",JMethod.java,MEDIUM
89,classes that have name matching '.*Method.*' should depend on classes that reside in a package '..runner..',"Method <org.exolab.javasource.JMethod.addParameter(org.exolab.javasource.JParameter)> calls method <org.exolab.javasource.JType.isArray()>",JMethod.java,MEDIUM
90,classes that have name matching '.*Method.*' should depend on classes that reside in a package '..runner..',"Method <org.exolab.javasource.JMethod.addParameter(org.exolab.javasource.JParameter)> calls method <org.exolab.javasource.JType.isArray()>",JMethod.java,MEDIUM
91,classes that have name matching '.*Method.*' should depend on classes that reside in a package '..runner..',"Class <org.exolab.javasource.JMethod> extends class <java.lang.Object>",JMethod.java,MEDIUM
92,classes that have name matching '.*Method.*' should depend on classes that reside in a package '..runner..',"Constructor <org.exolab.javasource.JMethod.<init>(java.lang.String, org.exolab.javasource.JType, java.lang.String)> calls method <org.exolab.javasource.JDocDescriptor.createReturnDesc(java.lang.String)>",JMethod.java,MEDIUM
93,classes that have name matching '.*Method.*' should depend on classes that reside in a package '..runner..',"Method <org.exolab.javasource.JMethod.getParameter(int)> has return type <org.exolab.javasource.JParameter>",JMethod.java,MEDIUM
94,classes that have name matching '.*Method.*' should depend on classes that reside in a package '..runner..',"Method <org.exolab.javasource.JMethod.getJDocComment()> has return type <org.exolab.javasource.JDocComment>",JMethod.java,MEDIUM
95,classes that have name matching '.*Method.*' should depend on classes that reside in a package '..runner..',"Method <org.exolab.javasource.JMethod.removeAnnotation(org.exolab.javasource.JAnnotationType)> has parameter of type <org.exolab.javasource.JAnnotationType>",JMethod.java,MEDIUM
96,classes that have name matching '.*Method.*' should depend on classes that reside in a package '..runner..',"Method <org.exolab.javasource.JMethod.addParameter(org.exolab.javasource.JParameter)> calls method <org.exolab.javasource.JParameter.getType()>",JMethod.java,MEDIUM
97,classes that have name matching '.*Method.*' should depend on classes that reside in a package '..runner..',"Method <org.exolab.javasource.JMethod.print(org.exolab.javasource.JSourceWriter)> calls method <org.exolab.javasource.JSourceWriter.writeln(java.lang.String)>",JMethod.java,MEDIUM
98,classes that have name matching '.*Method.*' should depend on classes that reside in a package '..runner..',"Method <org.exolab.javasource.JMethod.print(org.exolab.javasource.JSourceWriter)> calls method <org.exolab.javasource.JMethodSignature.getModifiers()>",JMethod.java,MEDIUM
99,classes that have name matching '.*Method.*' should depend on classes that reside in a package '..runner..',"Method <org.exolab.javasource.JMethod.getParameters()> has return type <[Lorg.exolab.javasource.JParameter;>",JMethod.java,MEDIUM
100,classes that have name matching '.*Method.*' should depend on classes that reside in a package '..runner..',"Method <org.exolab.javasource.JMethod.getSignature()> has return type <org.exolab.javasource.JMethodSignature>",JMethod.java,MEDIUM
101,classes that have name matching '.*Method.*' should depend on classes that reside in a package '..runner..',"Method <org.exolab.javasource.JMethod.print(org.exolab.javasource.JSourceWriter)> calls method <org.exolab.javasource.JSourceWriter.writeln(java.lang.String)>",JMethod.java,MEDIUM
102,classes that have name matching '.*Method.*' should depend on classes that reside in a package '..runner..',"Constructor <org.exolab.javasource.JMethod.<init>(java.lang.String)> has parameter of type <java.lang.String>",JMethod.java,MEDIUM
103,classes that have name matching '.*Method.*' should depend on classes that reside in a package '..runner..',"Method <org.exolab.javasource.JMethod.print(org.exolab.javasource.JSourceWriter)> calls method <org.exolab.javasource.JDocComment.print(org.exolab.javasource.JSourceWriter)>",JMethod.java,MEDIUM
104,classes that have name matching '.*Method.*' should depend on classes that reside in a package '..runner..',"Method <org.exolab.javasource.JMethod.getParameter(int)> calls method <org.exolab.javasource.JMethodSignature.getParameter(int)>",JMethod.java,MEDIUM
105,classes that have name matching '.*Method.*' should depend on classes that reside in a package '..runner..',"Method <org.exolab.javasource.JMethod.setSourceCode(java.lang.String)> calls constructor <org.exolab.javasource.JSourceCode.<init>(java.lang.String)>",JMethod.java,MEDIUM
106,classes that have name matching '.*Method.*' should depend on classes that reside in a package '..runner..',"Method <org.exolab.javasource.JMethod.getReturnType()> calls method <org.exolab.javasource.JMethodSignature.getReturnType()>",JMethod.java,MEDIUM
107,classes that have name matching '.*Method.*' should depend on classes that reside in a package '..runner..',"Method <org.exolab.javasource.JMethod.addException(org.exolab.javasource.JClass, java.lang.String)> calls method <org.exolab.javasource.JClass.getName()>",JMethod.java,MEDIUM
108,classes that have name matching '.*Method.*' should depend on classes that reside in a package '..runner..',"Method <org.exolab.javasource.JMethod.getAnnotations()> has return type <[Lorg.exolab.javasource.JAnnotation;>",JMethod.java,MEDIUM
109,classes that have name matching '.*Method.*' should depend on classes that reside in a package '..runner..',"Method <org.exolab.javasource.JMethod.getExceptions()> calls method <org.exolab.javasource.JMethodSignature.getExceptions()>",JMethod.java,MEDIUM
110,classes that have name matching '.*Method.*' should depend on classes that reside in a package '..runner..',"Method <org.exolab.javasource.JMethod.toString()> calls method <org.exolab.javasource.JMethodSignature.toString()>",JMethod.java,MEDIUM
111,classes that have name matching '.*Method.*' should depend on classes that reside in a package '..runner..',"Method <org.exolab.javasource.JMethod.getExceptions()> depends on component type <org.exolab.javasource.JClass>",JMethod.java,MEDIUM
112,classes that have name matching '.*Method.*' should depend on classes that reside in a package '..runner..',"Field <org.exolab.javasource.JMethod._jdc> has type <org.exolab.javasource.JDocComment>",JMethod.java,MEDIUM
113,classes that have name matching '.*Method.*' should depend on classes that reside in a package '..runner..',"Method <org.exolab.javasource.JMethod.isAnnotationPresent(org.exolab.javasource.JAnnotationType)> calls method <org.exolab.javasource.JMethodSignature.isAnnotationPresent(org.exolab.javasource.JAnnotationType)>",JMethod.java,MEDIUM
114,classes that have name matching '.*Method.*' should depend on classes that reside in a package '..runner..',"Field <org.exolab.javasource.Java5HacksHelper$MethodSpec._param2ClassName> has type <java.lang.String>",Java5HacksHelper.java,MEDIUM
115,classes that have name matching '.*Method.*' should depend on classes that reside in a package '..runner..',"Method <org.exolab.javasource.Java5HacksHelper$MethodSpec.getParam2ClassName()> has return type <java.lang.String>",Java5HacksHelper.java,MEDIUM
116,classes that have name matching '.*Method.*' should depend on classes that reside in a package '..runner..',"Method <org.exolab.javasource.Java5HacksHelper$MethodSpec.getParam1ClassName()> has return type <java.lang.String>",Java5HacksHelper.java,MEDIUM
117,classes that have name matching '.*Method.*' should depend on classes that reside in a package '..runner..',"Method <org.exolab.javasource.Java5HacksHelper$MethodSpec.getMethodName()> has return type <java.lang.String>",Java5HacksHelper.java,MEDIUM
118,classes that have name matching '.*Method.*' should depend on classes that reside in a package '..runner..',"Field <org.exolab.javasource.Java5HacksHelper$MethodSpec._param1ClassName> has type <java.lang.String>",Java5HacksHelper.java,MEDIUM
119,classes that have name matching '.*Method.*' should depend on classes that reside in a package '..runner..',"Field <org.exolab.javasource.Java5HacksHelper$MethodSpec._methodName> has type <java.lang.String>",Java5HacksHelper.java,MEDIUM
120,classes that have name matching '.*Method.*' should depend on classes that reside in a package '..runner..',"Class <org.exolab.javasource.Java5HacksHelper$MethodSpec> extends class <java.lang.Object>",Java5HacksHelper.java,MEDIUM
121,classes that have name matching '.*Method.*' should depend on classes that reside in a package '..runner..',"Constructor <org.exolab.javasource.Java5HacksHelper$MethodSpec.<init>(java.lang.String, int, java.lang.String, java.lang.String)> has parameter of type <java.lang.String>",Java5HacksHelper.java,MEDIUM
122,classes that have name matching '.*Method.*' should depend on classes that reside in a package '..runner..',"Constructor <org.exolab.javasource.Java5HacksHelper$MethodSpec.<init>(java.lang.String, int, java.lang.String, java.lang.String)> calls constructor <java.lang.Object.<init>()>",Java5HacksHelper.java,MEDIUM
123,classes that have name matching '.*Method.*' should depend on classes that reside in a package '..runner..',"Method <org.exolab.javasource.JMethodSignature.setModifiers(org.exolab.javasource.JModifiers)> calls method <org.exolab.javasource.JModifiers.setFinal(boolean)>",JMethodSignature.java,MEDIUM
124,classes that have name matching '.*Method.*' should depend on classes that reside in a package '..runner..',"Constructor <org.exolab.javasource.JMethodSignature.<init>(java.lang.String)> calls method <java.lang.String.length()>",JMethodSignature.java,MEDIUM
125,classes that have name matching '.*Method.*' should depend on classes that reside in a package '..runner..',"Method <org.exolab.javasource.JMethodSignature.print(org.exolab.javasource.JSourceWriter, boolean)> calls method <org.exolab.javasource.JSourceWriter.unindent()>",JMethodSignature.java,MEDIUM
126,classes that have name matching '.*Method.*' should depend on classes that reside in a package '..runner..',"Method <org.exolab.javasource.JMethodSignature.print(org.exolab.javasource.JSourceWriter, boolean)> calls method <org.exolab.javasource.JSourceWriter.writeln()>",JMethodSignature.java,MEDIUM
127,classes that have name matching '.*Method.*' should depend on classes that reside in a package '..runner..',"Method <org.exolab.javasource.JMethodSignature.print(org.exolab.javasource.JSourceWriter, boolean)> calls method <org.exolab.javasource.JSourceWriter.indent()>",JMethodSignature.java,MEDIUM
128,classes that have name matching '.*Method.*' should depend on classes that reside in a package '..runner..',"Method <org.exolab.javasource.JMethodSignature.getParameterClassNames()> calls method <java.util.Iterator.hasNext()>",JMethodSignature.java,MEDIUM
129,classes that have name matching '.*Method.*' should depend on classes that reside in a package '..runner..',"Method <org.exolab.javasource.JMethodSignature.toString()> calls method <java.util.Iterator.hasNext()>",JMethodSignature.java,MEDIUM
130,classes that have name matching '.*Method.*' should depend on classes that reside in a package '..runner..',"Method <org.exolab.javasource.JMethodSignature.getParameters()> has return type <[Lorg.exolab.javasource.JParameter;>",JMethodSignature.java,MEDIUM
131,classes that have name matching '.*Method.*' should depend on classes that reside in a package '..runner..',"Method <org.exolab.javasource.JMethodSignature.toString()> calls method <java.lang.StringBuilder.toString()>",JMethodSignature.java,MEDIUM
132,classes that have name matching '.*Method.*' should depend on classes that reside in a package '..runner..',"Method <org.exolab.javasource.JMethodSignature.getParameterClassNames()> calls constructor <java.util.ArrayList.<init>(int)>",JMethodSignature.java,MEDIUM
133,classes that have name matching '.*Method.*' should depend on classes that reside in a package '..runner..',"Field <org.exolab.javasource.JMethodSignature._params> has generic type <java.util.Map<java.lang.String, org.exolab.javasource.JParameter>> with type argument depending on <org.exolab.javasource.JParameter>",JMethodSignature.java,MEDIUM
134,classes that have name matching '.*Method.*' should depend on classes that reside in a package '..runner..',"Field <org.exolab.javasource.JMethodSignature._params> has generic type <java.util.Map<java.lang.String, org.exolab.javasource.JParameter>> with type argument depending on <java.lang.String>",JMethodSignature.java,MEDIUM
135,classes that have name matching '.*Method.*' should depend on classes that reside in a package '..runner..',"Method <org.exolab.javasource.JMethodSignature.getReturnType()> has return type <org.exolab.javasource.JType>",JMethodSignature.java,MEDIUM
136,classes that have name matching '.*Method.*' should depend on classes that reside in a package '..runner..',"Method <org.exolab.javasource.JMethodSignature.toString()> calls method <java.lang.StringBuilder.append(char)>",JMethodSignature.java,MEDIUM
137,classes that have name matching '.*Method.*' should depend on classes that reside in a package '..runner..',"Field <org.exolab.javasource.JMethodSignature._exceptions> has generic type <java.util.Vector<org.exolab.javasource.JClass>> with type argument depending on <org.exolab.javasource.JClass>",JMethodSignature.java,MEDIUM
138,classes that have name matching '.*Method.*' should depend on classes that reside in a package '..runner..',"Method <org.exolab.javasource.JMethodSignature.getParameter(int)> calls method <java.lang.Integer.valueOf(int)>",JMethodSignature.java,MEDIUM
139,classes that have name matching '.*Method.*' should depend on classes that reside in a package '..runner..',"Method <org.exolab.javasource.JMethodSignature.getExceptions()> calls method <java.util.Vector.copyInto([Ljava.lang.Object;)>",JMethodSignature.java,MEDIUM
140,classes that have name matching '.*Method.*' should depend on classes that reside in a package '..runner..',"Method <org.exolab.javasource.JMethodSignature.print(org.exolab.javasource.JSourceWriter)> has parameter of type <org.exolab.javasource.JSourceWriter>",JMethodSignature.java,MEDIUM
141,classes that have name matching '.*Method.*' should depend on classes that reside in a package '..runner..',"Method <org.exolab.javasource.JMethodSignature.getParameterClassNames()> calls method <java.util.List.add(java.lang.Object)>",JMethodSignature.java,MEDIUM
142,classes that have name matching '.*Method.*' should depend on classes that reside in a package '..runner..',"Method <org.exolab.javasource.JMethodSignature.setComment(java.lang.String)> calls method <org.exolab.javasource.JDocComment.setComment(java.lang.String)>",JMethodSignature.java,MEDIUM
143,classes that have name matching '.*Method.*' should depend on classes that reside in a package '..runner..',"Method <org.exolab.javasource.JMethodSignature.print(org.exolab.javasource.JSourceWriter, boolean)> calls method <org.exolab.javasource.JDocComment.print(org.exolab.javasource.JSourceWriter)>",JMethodSignature.java,MEDIUM
144,classes that have name matching '.*Method.*' should depend on classes that reside in a package '..runner..',"Method <org.exolab.javasource.JMethodSignature.addException(org.exolab.javasource.JClass)> calls method <java.util.Vector.elementAt(int)>",JMethodSignature.java,MEDIUM
145,classes that have name matching '.*Method.*' should depend on classes that reside in a package '..runner..',"Method <org.exolab.javasource.JMethodSignature.addException(org.exolab.javasource.JClass)> calls method <java.util.Vector.addElement(java.lang.Object)>",JMethodSignature.java,MEDIUM
146,classes that have name matching '.*Method.*' should depend on classes that reside in a package '..runner..',"Method <org.exolab.javasource.JMethodSignature.print(org.exolab.javasource.JSourceWriter, boolean)> calls method <org.exolab.javasource.JClass.getName()>",JMethodSignature.java,MEDIUM
147,classes that have name matching '.*Method.*' should depend on classes that reside in a package '..runner..',"Field <org.exolab.javasource.JMethodSignature._modifiers> has type <org.exolab.javasource.JModifiers>",JMethodSignature.java,MEDIUM
148,classes that have name matching '.*Method.*' should depend on classes that reside in a package '..runner..',"Method <org.exolab.javasource.JMethodSignature.getParameterClassNames()> calls method <org.exolab.javasource.JType.isArray()>",JMethodSignature.java,MEDIUM
149,classes that have name matching '.*Method.*' should depend on classes that reside in a package '..runner..',"Method <org.exolab.javasource.JMethodSignature.addException(org.exolab.javasource.JClass)> calls method <java.lang.String.equals(java.lang.Object)>",JMethodSignature.java,MEDIUM
150,classes that have name matching '.*Method.*' should depend on classes that reside in a package '..runner..',"Method <org.exolab.javasource.JMethodSignature.addException(org.exolab.javasource.JClass)> calls method <org.exolab.javasource.JClass.getName()>",JMethodSignature.java,MEDIUM
151,classes that have name matching '.*Method.*' should depend on classes that reside in a package '..runner..',"Method <org.exolab.javasource.JMethodSignature.toString()> calls method <java.lang.StringBuilder.append(java.lang.String)>",JMethodSignature.java,MEDIUM
152,classes that have name matching '.*Method.*' should depend on classes that reside in a package '..runner..',"Constructor <org.exolab.javasource.JMethodSignature.<init>(java.lang.String)> calls constructor <org.exolab.javasource.JModifiers.<init>()>",JMethodSignature.java,MEDIUM
153,classes that have name matching '.*Method.*' should depend on classes that reside in a package '..runner..',"Method <org.exolab.javasource.JMethodSignature.getParameterClassNames()> calls method <org.exolab.javasource.JType.isPrimitive()>",JMethodSignature.java,MEDIUM
154,classes that have name matching '.*Method.*' should depend on classes that reside in a package '..runner..',"Method <org.exolab.javasource.JMethodSignature.getParameterClassNames()> depends on component type <java.lang.String>",JMethodSignature.java,MEDIUM
155,classes that have name matching '.*Method.*' should depend on classes that reside in a package '..runner..',"Method <org.exolab.javasource.JMethodSignature.print(org.exolab.javasource.JSourceWriter, boolean)> calls method <org.exolab.javasource.JSourceWriter.write(java.lang.String)>",JMethodSignature.java,MEDIUM
156,classes that have name matching '.*Method.*' should depend on classes that reside in a package '..runner..',"Field <org.exolab.javasource.JMethodSignature._jdc> has type <org.exolab.javasource.JDocComment>",JMethodSignature.java,MEDIUM
157,classes that have name matching '.*Method.*' should depend on classes that reside in a package '..runner..',"Method <org.exolab.javasource.JMethodSignature.getParameter(int)> calls method <java.util.Map.get(java.lang.Object)>",JMethodSignature.java,MEDIUM
158,classes that have name matching '.*Method.*' should depend on classes that reside in a package '..runner..',"Method <org.exolab.javasource.JMethodSignature.toString()> calls method <java.lang.StringBuilder.append(java.lang.String)>",JMethodSignature.java,MEDIUM
159,classes that have name matching '.*Method.*' should depend on classes that reside in a package '..runner..',"Field <org.exolab.javasource.JMethodSignature._returnType> has type <org.exolab.javasource.JType>",JMethodSignature.java,MEDIUM
160,classes that have name matching '.*Method.*' should depend on classes that reside in a package '..runner..',"Method <org.exolab.javasource.JMethodSignature.print(org.exolab.javasource.JSourceWriter, boolean)> calls method <java.util.Collection.iterator()>",JMethodSignature.java,MEDIUM
161,classes that have name matching '.*Method.*' should depend on classes that reside in a package '..runner..',"Method <org.exolab.javasource.JMethodSignature.addParameter(org.exolab.javasource.JParameter)> calls constructor <java.lang.StringBuilder.<init>(int)>",JMethodSignature.java,MEDIUM
162,classes that have name matching '.*Method.*' should depend on classes that reside in a package '..runner..',"Field <org.exolab.javasource.JMethodSignature._name> has type <java.lang.String>",JMethodSignature.java,MEDIUM
163,classes that have name matching '.*Method.*' should depend on classes that reside in a package '..runner..',"Method <org.exolab.javasource.JMethodSignature.getParameterClassNames()> calls method <org.exolab.javasource.JClass.getName()>",JMethodSignature.java,MEDIUM
164,classes that have name matching '.*Method.*' should depend on classes that reside in a package '..runner..',"Method <org.exolab.javasource.JMethodSignature.getParameterClassNames()> calls method <java.util.Map.values()>",JMethodSignature.java,MEDIUM
165,classes that have name matching '.*Method.*' should depend on classes that reside in a package '..runner..',"Constructor <org.exolab.javasource.JMethodSignature.<init>(java.lang.String)> calls constructor <org.exolab.javasource.JAnnotatedElementHelper.<init>()>",JMethodSignature.java,MEDIUM
166,classes that have name matching '.*Method.*' should depend on classes that reside in a package '..runner..',"Constructor <org.exolab.javasource.JMethodSignature.<init>(java.lang.String)> calls constructor <java.lang.IllegalArgumentException.<init>(java.lang.String)>",JMethodSignature.java,MEDIUM
167,classes that have name matching '.*Method.*' should depend on classes that reside in a package '..runner..',"Field <org.exolab.javasource.JMethodSignature._exceptions> has type <java.util.Vector>",JMethodSignature.java,MEDIUM
168,classes that have name matching '.*Method.*' should depend on classes that reside in a package '..runner..',"Method <org.exolab.javasource.JMethodSignature.print(org.exolab.javasource.JSourceWriter, boolean)> calls method <org.exolab.javasource.JParameter.toString()>",JMethodSignature.java,MEDIUM
169,classes that have name matching '.*Method.*' should depend on classes that reside in a package '..runner..',"Method <org.exolab.javasource.JMethodSignature.addException(org.exolab.javasource.JClass)> calls method <org.exolab.javasource.JClass.getName()>",JMethodSignature.java,MEDIUM
170,classes that have name matching '.*Method.*' should depend on classes that reside in a package '..runner..',"Method <org.exolab.javasource.JMethodSignature.addParameter(org.exolab.javasource.JParameter)> calls method <org.exolab.javasource.JDocDescriptor.createParamDesc(java.lang.String, java.lang.String)>",JMethodSignature.java,MEDIUM
171,classes that have name matching '.*Method.*' should depend on classes that reside in a package '..runner..',"Method <org.exolab.javasource.JMethodSignature.print(org.exolab.javasource.JSourceWriter, boolean)> calls method <org.exolab.javasource.JSourceWriter.write(int)>",JMethodSignature.java,MEDIUM
172,classes that have name matching '.*Method.*' should depend on classes that reside in a package '..runner..',"Method <org.exolab.javasource.JMethodSignature.setComment(java.lang.String)> has parameter of type <java.lang.String>",JMethodSignature.java,MEDIUM
173,classes that have name matching '.*Method.*' should depend on classes that reside in a package '..runner..',"Class <org.exolab.javasource.JMethodSignature> extends class <org.exolab.javasource.JAnnotatedElementHelper>",JMethodSignature.java,MEDIUM
174,classes that have name matching '.*Method.*' should depend on classes that reside in a package '..runner..',"Method <org.exolab.javasource.JMethodSignature.getModifiers()> has return type <org.exolab.javasource.JModifiers>",JMethodSignature.java,MEDIUM
175,classes that have name matching '.*Method.*' should depend on classes that reside in a package '..runner..',"Method <org.exolab.javasource.JMethodSignature.print(org.exolab.javasource.JSourceWriter, boolean)> calls method <java.util.Vector.size()>",JMethodSignature.java,MEDIUM
176,classes that have name matching '.*Method.*' should depend on classes that reside in a package '..runner..',"Method <org.exolab.javasource.JMethodSignature.toString()> calls constructor <java.lang.StringBuilder.<init>(int)>",JMethodSignature.java,MEDIUM
177,classes that have name matching '.*Method.*' should depend on classes that reside in a package '..runner..',"Method <org.exolab.javasource.JMethodSignature.getParameters()> depends on component type <org.exolab.javasource.JParameter>",JMethodSignature.java,MEDIUM
178,classes that have name matching '.*Method.*' should depend on classes that reside in a package '..runner..',"Method <org.exolab.javasource.JMethodSignature.getParameterClassNames()> calls method <java.util.Iterator.next()>",JMethodSignature.java,MEDIUM
179,classes that have name matching '.*Method.*' should depend on classes that reside in a package '..runner..',"Method <org.exolab.javasource.JMethodSignature.toString()> calls method <java.lang.StringBuilder.append(java.lang.String)>",JMethodSignature.java,MEDIUM
180,classes that have name matching '.*Method.*' should depend on classes that reside in a package '..runner..',"Method <org.exolab.javasource.JMethodSignature.setName(java.lang.String)> has parameter of type <java.lang.String>",JMethodSignature.java,MEDIUM
181,classes that have name matching '.*Method.*' should depend on classes that reside in a package '..runner..',"Method <org.exolab.javasource.JMethodSignature.getExceptions()> depends on component type <org.exolab.javasource.JClass>",JMethodSignature.java,MEDIUM
182,classes that have name matching '.*Method.*' should depend on classes that reside in a package '..runner..',"Method <org.exolab.javasource.JMethodSignature.addParameter(org.exolab.javasource.JParameter)> calls method <java.util.Map.put(java.lang.Object, java.lang.Object)>",JMethodSignature.java,MEDIUM
183,classes that have name matching '.*Method.*' should depend on classes that reside in a package '..runner..',"Method <org.exolab.javasource.JMethodSignature.toString()> has return type <java.lang.String>",JMethodSignature.java,MEDIUM
184,classes that have name matching '.*Method.*' should depend on classes that reside in a package '..runner..',"Method <org.exolab.javasource.JMethodSignature.print(org.exolab.javasource.JSourceWriter, boolean)> calls method <org.exolab.javasource.JSourceWriter.write(java.lang.String)>",JMethodSignature.java,MEDIUM
185,classes that have name matching '.*Method.*' should depend on classes that reside in a package '..runner..',"Method <org.exolab.javasource.JMethodSignature.getParameterClassNames()> calls method <java.util.List.toArray([Ljava.lang.Object;)>",JMethodSignature.java,MEDIUM
186,classes that have name matching '.*Method.*' should depend on classes that reside in a package '..runner..',"Method <org.exolab.javasource.JMethodSignature.print(org.exolab.javasource.JSourceWriter, boolean)> calls method <org.exolab.javasource.JSourceWriter.indent()>",JMethodSignature.java,MEDIUM
187,classes that have name matching '.*Method.*' should depend on classes that reside in a package '..runner..',"Method <org.exolab.javasource.JMethodSignature.print(org.exolab.javasource.JSourceWriter, boolean)> calls method <java.util.Iterator.hasNext()>",JMethodSignature.java,MEDIUM
188,classes that have name matching '.*Method.*' should depend on classes that reside in a package '..runner..',"Constructor <org.exolab.javasource.JMethodSignature.<init>(java.lang.String)> calls constructor <org.exolab.javasource.JDocComment.<init>()>",JMethodSignature.java,MEDIUM
189,classes that have name matching '.*Method.*' should depend on classes that reside in a package '..runner..',"Method <org.exolab.javasource.JMethodSignature.print(org.exolab.javasource.JSourceWriter, boolean)> calls method <org.exolab.javasource.JSourceWriter.write(java.lang.String)>",JMethodSignature.java,MEDIUM
190,classes that have name matching '.*Method.*' should depend on classes that reside in a package '..runner..',"Constructor <org.exolab.javasource.JMethodSignature.<init>(java.lang.String)> calls constructor <java.util.Vector.<init>(int)>",JMethodSignature.java,MEDIUM
191,classes that have name matching '.*Method.*' should depend on classes that reside in a package '..runner..',"Method <org.exolab.javasource.JMethodSignature.print(org.exolab.javasource.JSourceWriter, boolean)> calls method <org.exolab.javasource.JSourceWriter.unindent()>",JMethodSignature.java,MEDIUM
192,classes that have name matching '.*Method.*' should depend on classes that reside in a package '..runner..',"Method <org.exolab.javasource.JMethodSignature.print(org.exolab.javasource.JSourceWriter, boolean)> calls method <org.exolab.javasource.JSourceWriter.write(java.lang.String)>",JMethodSignature.java,MEDIUM
193,classes that have name matching '.*Method.*' should depend on classes that reside in a package '..runner..',"Method <org.exolab.javasource.JMethodSignature.print(org.exolab.javasource.JSourceWriter, boolean)> has parameter of type <org.exolab.javasource.JSourceWriter>",JMethodSignature.java,MEDIUM
194,classes that have name matching '.*Method.*' should depend on classes that reside in a package '..runner..',"Method <org.exolab.javasource.JMethodSignature.print(org.exolab.javasource.JSourceWriter, boolean)> calls method <org.exolab.javasource.JModifiers.toString()>",JMethodSignature.java,MEDIUM
195,classes that have name matching '.*Method.*' should depend on classes that reside in a package '..runner..',"Constructor <org.exolab.javasource.JMethodSignature.<init>(java.lang.String, org.exolab.javasource.JType)> has parameter of type <java.lang.String>",JMethodSignature.java,MEDIUM
196,classes that have name matching '.*Method.*' should depend on classes that reside in a package '..runner..',"Method <org.exolab.javasource.JMethodSignature.addParameter(org.exolab.javasource.JParameter)> calls method <org.exolab.javasource.JDocComment.addDescriptor(org.exolab.javasource.JDocDescriptor)>",JMethodSignature.java,MEDIUM
197,classes that have name matching '.*Method.*' should depend on classes that reside in a package '..runner..',"Method <org.exolab.javasource.JMethodSignature.addParameter(org.exolab.javasource.JParameter)> calls method <java.lang.StringBuilder.append(java.lang.String)>",JMethodSignature.java,MEDIUM
198,classes that have name matching '.*Method.*' should depend on classes that reside in a package '..runner..',"Method <org.exolab.javasource.JMethodSignature.toString()> calls method <java.lang.StringBuilder.append(char)>",JMethodSignature.java,MEDIUM
199,classes that have name matching '.*Method.*' should depend on classes that reside in a package '..runner..',"Method <org.exolab.javasource.JMethodSignature.getJDocComment()> has return type <org.exolab.javasource.JDocComment>",JMethodSignature.java,MEDIUM
200,classes that have name matching '.*Method.*' should depend on classes that reside in a package '..runner..',"Method <org.exolab.javasource.JMethodSignature.getParameterClassNames()> calls method <java.util.List.size()>",JMethodSignature.java,MEDIUM
201,classes that have name matching '.*Method.*' should depend on classes that reside in a package '..runner..',"Method <org.exolab.javasource.JMethodSignature.print(org.exolab.javasource.JSourceWriter, boolean)> calls method <org.exolab.javasource.JModifiers.toString()>",JMethodSignature.java,MEDIUM
202,classes that have name matching '.*Method.*' should depend on classes that reside in a package '..runner..',"Method <org.exolab.javasource.JMethodSignature.getParameters()> calls method <java.util.Collection.toArray([Ljava.lang.Object;)>",JMethodSignature.java,MEDIUM
203,classes that have name matching '.*Method.*' should depend on classes that reside in a package '..runner..',"Method <org.exolab.javasource.JMethodSignature.addParameter(org.exolab.javasource.JParameter)> calls method <java.lang.StringBuilder.append(java.lang.String)>",JMethodSignature.java,MEDIUM
204,classes that have name matching '.*Method.*' should depend on classes that reside in a package '..runner..',"Method <org.exolab.javasource.JMethodSignature.getParameterClassNames()> calls method <java.util.Map.size()>",JMethodSignature.java,MEDIUM
205,classes that have name matching '.*Method.*' should depend on classes that reside in a package '..runner..',"Method <org.exolab.javasource.JMethodSignature.print(org.exolab.javasource.JSourceWriter, boolean)> calls method <org.exolab.javasource.JSourceWriter.write(java.lang.String)>",JMethodSignature.java,MEDIUM
206,classes that have name matching '.*Method.*' should depend on classes that reside in a package '..runner..',"Method <org.exolab.javasource.JMethodSignature.addParameter(org.exolab.javasource.JParameter)> calls method <java.lang.StringBuilder.toString()>",JMethodSignature.java,MEDIUM
207,classes that have name matching '.*Method.*' should depend on classes that reside in a package '..runner..',"Method <org.exolab.javasource.JMethodSignature.print(org.exolab.javasource.JSourceWriter, boolean)> calls method <java.util.Vector.elementAt(int)>",JMethodSignature.java,MEDIUM
208,classes that have name matching '.*Method.*' should depend on classes that reside in a package '..runner..',"Method <org.exolab.javasource.JMethodSignature.print(org.exolab.javasource.JSourceWriter, boolean)> calls method <org.exolab.javasource.JSourceWriter.write(int)>",JMethodSignature.java,MEDIUM
209,classes that have name matching '.*Method.*' should depend on classes that reside in a package '..runner..',"Method <org.exolab.javasource.JMethodSignature.getExceptions()> calls method <java.util.Vector.size()>",JMethodSignature.java,MEDIUM
210,classes that have name matching '.*Method.*' should depend on classes that reside in a package '..runner..',"Method <org.exolab.javasource.JMethodSignature.toString()> calls method <java.util.Iterator.next()>",JMethodSignature.java,MEDIUM
211,classes that have name matching '.*Method.*' should depend on classes that reside in a package '..runner..',"Method <org.exolab.javasource.JMethodSignature.print(org.exolab.javasource.JSourceWriter, boolean)> calls method <org.exolab.javasource.JSourceWriter.write(java.lang.String)>",JMethodSignature.java,MEDIUM
212,classes that have name matching '.*Method.*' should depend on classes that reside in a package '..runner..',"Method <org.exolab.javasource.JMethodSignature.print(org.exolab.javasource.JSourceWriter, boolean)> calls method <org.exolab.javasource.JSourceWriter.write(java.lang.String)>",JMethodSignature.java,MEDIUM
213,classes that have name matching '.*Method.*' should depend on classes that reside in a package '..runner..',"Method <org.exolab.javasource.JMethodSignature.print(org.exolab.javasource.JSourceWriter, boolean)> calls method <org.exolab.javasource.JParameter.printAnnotations(org.exolab.javasource.JSourceWriter)>",JMethodSignature.java,MEDIUM
214,classes that have name matching '.*Method.*' should depend on classes that reside in a package '..runner..',"Method <org.exolab.javasource.JMethodSignature.getParameters()> calls method <java.util.Map.values()>",JMethodSignature.java,MEDIUM
215,classes that have name matching '.*Method.*' should depend on classes that reside in a package '..runner..',"Method <org.exolab.javasource.JMethodSignature.toString()> calls method <java.lang.StringBuilder.append(java.lang.String)>",JMethodSignature.java,MEDIUM
216,classes that have name matching '.*Method.*' should depend on classes that reside in a package '..runner..',"Method <org.exolab.javasource.JMethodSignature.addParameter(org.exolab.javasource.JParameter)> calls method <java.util.Map.get(java.lang.Object)>",JMethodSignature.java,MEDIUM
217,classes that have name matching '.*Method.*' should depend on classes that reside in a package '..runner..',"Method <org.exolab.javasource.JMethodSignature.print(org.exolab.javasource.JSourceWriter, boolean)> calls method <java.util.Vector.size()>",JMethodSignature.java,MEDIUM
218,classes that have name matching '.*Method.*' should depend on classes that reside in a package '..runner..',"Method <org.exolab.javasource.JMethodSignature.toString()> calls method <org.exolab.javasource.JType.getName()>",JMethodSignature.java,MEDIUM
219,classes that have name matching '.*Method.*' should depend on classes that reside in a package '..runner..',"Method <org.exolab.javasource.JMethodSignature.print(org.exolab.javasource.JSourceWriter, boolean)> calls method <org.exolab.javasource.JSourceWriter.write(java.lang.Object)>",JMethodSignature.java,MEDIUM
220,classes that have name matching '.*Method.*' should depend on classes that reside in a package '..runner..',"Method <org.exolab.javasource.JMethodSignature.getParameterClassNames()> calls method <java.util.Collection.iterator()>",JMethodSignature.java,MEDIUM
221,classes that have name matching '.*Method.*' should depend on classes that reside in a package '..runner..',"Method <org.exolab.javasource.JMethodSignature.getExceptions()> has return type <[Lorg.exolab.javasource.JClass;>",JMethodSignature.java,MEDIUM
222,classes that have name matching '.*Method.*' should depend on classes that reside in a package '..runner..',"Method <org.exolab.javasource.JMethodSignature.setModifiers(org.exolab.javasource.JModifiers)> has parameter of type <org.exolab.javasource.JModifiers>",JMethodSignature.java,MEDIUM
223,classes that have name matching '.*Method.*' should depend on classes that reside in a package '..runner..',"Method <org.exolab.javasource.JMethodSignature.getParameters()> calls method <java.util.Map.size()>",JMethodSignature.java,MEDIUM
224,classes that have name matching '.*Method.*' should depend on classes that reside in a package '..runner..',"Method <org.exolab.javasource.JMethodSignature.getParameterClassNames()> calls method <org.exolab.javasource.JArrayType.getComponentType()>",JMethodSignature.java,MEDIUM
225,classes that have name matching '.*Method.*' should depend on classes that reside in a package '..runner..',"Method <org.exolab.javasource.JMethodSignature.print(org.exolab.javasource.JSourceWriter, boolean)> calls method <java.lang.String.length()>",JMethodSignature.java,MEDIUM
226,classes that have name matching '.*Method.*' should depend on classes that reside in a package '..runner..',"Method <org.exolab.javasource.JMethodSignature.addParameter(org.exolab.javasource.JParameter)> calls method <java.lang.StringBuilder.append(java.lang.String)>",JMethodSignature.java,MEDIUM
227,classes that have name matching '.*Method.*' should depend on classes that reside in a package '..runner..',"Method <org.exolab.javasource.JMethodSignature.getParameterClassNames()> calls method <org.exolab.javasource.JParameter.getType()>",JMethodSignature.java,MEDIUM
228,classes that have name matching '.*Method.*' should depend on classes that reside in a package '..runner..',"Method <org.exolab.javasource.JMethodSignature.getName()> has return type <java.lang.String>",JMethodSignature.java,MEDIUM
229,classes that have name matching '.*Method.*' should depend on classes that reside in a package '..runner..',"Method <org.exolab.javasource.JMethodSignature.print(org.exolab.javasource.JSourceWriter, boolean)> calls method <java.util.Map.values()>",JMethodSignature.java,MEDIUM
230,classes that have name matching '.*Method.*' should depend on classes that reside in a package '..runner..',"Method <org.exolab.javasource.JMethodSignature.addParameter(org.exolab.javasource.JParameter)> calls method <org.exolab.javasource.JParameter.getName()>",JMethodSignature.java,MEDIUM
231,classes that have name matching '.*Method.*' should depend on classes that reside in a package '..runner..',"Method <org.exolab.javasource.JMethodSignature.addParameter(org.exolab.javasource.JParameter)> calls constructor <java.lang.IllegalArgumentException.<init>(java.lang.String)>",JMethodSignature.java,MEDIUM
232,classes that have name matching '.*Method.*' should depend on classes that reside in a package '..runner..',"Method <org.exolab.javasource.JMethodSignature.toString()> calls method <java.lang.StringBuilder.append(java.lang.Object)>",JMethodSignature.java,MEDIUM
233,classes that have name matching '.*Method.*' should depend on classes that reside in a package '..runner..',"Method <org.exolab.javasource.JMethodSignature.print(org.exolab.javasource.JSourceWriter, boolean)> calls method <org.exolab.javasource.JSourceWriter.write(java.lang.String)>",JMethodSignature.java,MEDIUM
234,classes that have name matching '.*Method.*' should depend on classes that reside in a package '..runner..',"Constructor <org.exolab.javasource.JMethodSignature.<init>(java.lang.String)> calls constructor <java.util.LinkedHashMap.<init>()>",JMethodSignature.java,MEDIUM
235,classes that have name matching '.*Method.*' should depend on classes that reside in a package '..runner..',"Method <org.exolab.javasource.JMethodSignature.toString()> calls method <java.util.Collection.iterator()>",JMethodSignature.java,MEDIUM
236,classes that have name matching '.*Method.*' should depend on classes that reside in a package '..runner..',"Method <org.exolab.javasource.JMethodSignature.addException(org.exolab.javasource.JClass)> calls method <java.util.Vector.size()>",JMethodSignature.java,MEDIUM
237,classes that have name matching '.*Method.*' should depend on classes that reside in a package '..runner..',"Constructor <org.exolab.javasource.JMethodSignature.<init>(java.lang.String, org.exolab.javasource.JType)> calls constructor <java.lang.IllegalArgumentException.<init>(java.lang.String)>",JMethodSignature.java,MEDIUM
238,classes that have name matching '.*Method.*' should depend on classes that reside in a package '..runner..',"Method <org.exolab.javasource.JMethodSignature.print(org.exolab.javasource.JSourceWriter, boolean)> calls method <org.exolab.javasource.JSourceWriter.writeln(java.lang.String)>",JMethodSignature.java,MEDIUM
239,classes that have name matching '.*Method.*' should depend on classes that reside in a package '..runner..',"Method <org.exolab.javasource.JMethodSignature.print(org.exolab.javasource.JSourceWriter, boolean)> calls method <java.util.Iterator.next()>",JMethodSignature.java,MEDIUM
240,classes that have name matching '.*Method.*' should depend on classes that reside in a package '..runner..',"Field <org.exolab.javasource.JMethodSignature._params> has type <java.util.Map>",JMethodSignature.java,MEDIUM
241,classes that have name matching '.*Method.*' should depend on classes that reside in a package '..runner..',"Constructor <org.exolab.javasource.JMethodSignature.<init>(java.lang.String)> has parameter of type <java.lang.String>",JMethodSignature.java,MEDIUM
242,classes that have name matching '.*Method.*' should depend on classes that reside in a package '..runner..',"Method <org.exolab.javasource.JMethodSignature.print(org.exolab.javasource.JSourceWriter, boolean)> calls method <org.exolab.javasource.JSourceWriter.writeln(char)>",JMethodSignature.java,MEDIUM
243,classes that have name matching '.*Method.*' should depend on classes that reside in a package '..runner..',"Constructor <org.exolab.javasource.JMethodSignature.<init>(java.lang.String, org.exolab.javasource.JType)> has parameter of type <org.exolab.javasource.JType>",JMethodSignature.java,MEDIUM
244,classes that have name matching '.*Method.*' should depend on classes that reside in a package '..runner..',"Method <org.exolab.javasource.JMethodSignature.getParameter(int)> has return type <org.exolab.javasource.JParameter>",JMethodSignature.java,MEDIUM
245,classes that have name matching '.*Method.*' should depend on classes that reside in a package '..runner..',"Method <org.exolab.javasource.JMethodSignature.setModifiers(org.exolab.javasource.JModifiers)> calls method <org.exolab.javasource.JModifiers.copy()>",JMethodSignature.java,MEDIUM
246,classes that have name matching '.*Method.*' should depend on classes that reside in a package '..runner..',"Method <org.exolab.javasource.JMethodSignature.getParameterClassNames()> has return type <[Ljava.lang.String;>",JMethodSignature.java,MEDIUM
247,classes that have name matching '.*Method.*' should depend on classes that reside in a package '..runner..',"Method <org.exolab.javasource.JMethodSignature.addParameter(org.exolab.javasource.JParameter)> has parameter of type <org.exolab.javasource.JParameter>",JMethodSignature.java,MEDIUM
248,classes that have name matching '.*Method.*' should depend on classes that reside in a package '..runner..',"Method <org.exolab.javasource.JMethodSignature.addException(org.exolab.javasource.JClass)> has parameter of type <org.exolab.javasource.JClass>",JMethodSignature.java,MEDIUM
249,classes that have name matching '.*Method.*' should depend on classes that reside in a package '..runner..',"Method <org.exolab.javasource.JMethodSignature.toString()> calls method <java.util.Map.values()>",JMethodSignature.java,MEDIUM
250,classes that have name matching '.*Method.*' should depend on classes that reside in a package '..runner..',"Method <org.exolab.javasource.JMethodSignature.addParameter(org.exolab.javasource.JParameter)> calls method <java.lang.StringBuilder.append(java.lang.String)>",JMethodSignature.java,MEDIUM
251,classes that have name matching '.*Method.*' should depend on classes that reside in a package '..runner..',"Method <org.exolab.javasource.JMethodSignature.toString()> calls method <java.lang.StringBuilder.append(java.lang.String)>",JMethodSignature.java,MEDIUM
252,classes that have name matching '.*Method.*' should depend on classes that reside in a package '..runner..',"Method <org.exolab.javasource.JMethodSignature.toString()> calls method <org.exolab.javasource.JParameter.getType()>",JMethodSignature.java,MEDIUM
